Dates,PX_LAST
1996/1/2,38.5
1996/1/3,38.5
1996/1/4,38.5
1996/1/5,37.5
1996/1/8,38.5
1996/1/9,38.5
1996/1/10,37.5
1996/1/11,37.5
1996/1/12,37.5
1996/1/15,38.5
1996/1/16,37.5
1996/1/17,37.5
1996/1/18,38.5
1996/1/19,38.5
1996/1/22,38.5
1996/1/23,38.5
1996/1/24,37.5
1996/1/25,37.5
1996/1/26,37.5
1996/1/29,38.5
1996/1/30,37.5
1996/1/31,37.5
1996/2/1,38.5
1996/2/2,38.5
1996/2/5,38.5
1996/2/6,38.5
1996/2/7,38.5
1996/2/8,38.5
1996/2/9,38.5
1996/2/12,38.5
1996/2/13,39.5
1996/2/14,38.5
1996/2/15,37.5
1996/2/16,38.5
1996/2/19,39.5
1996/2/20,37.5
1996/2/21,38.5
1996/2/22,38.5
1996/2/23,38.5
1996/2/26,38.5
1996/2/27,38.5
1996/2/28,38.5
1996/2/29,38.5
1996/3/1,40
1996/3/4,40.5
1996/3/5,41.5
1996/3/6,41.5
1996/3/7,42.5
1996/3/8,42.5
1996/3/11,40.5
1996/3/12,42.5
1996/3/13,42.5
1996/3/14,42.5
1996/3/15,42.5
1996/3/18,40.5
1996/3/19,40.5
1996/3/20,42.5
1996/3/21,41.5
1996/3/22,41.5
1996/3/25,41.5
1996/3/26,42.5
1996/3/27,42.5
1996/3/28,43.5
1996/3/29,43.5
1996/4/1,44.5
1996/4/2,44.5
1996/4/3,44.5
1996/4/4,44.5
1996/4/5,43
1996/4/8,44.5
1996/4/9,43.5
1996/4/10,43.5
1996/4/11,44.5
1996/4/12,43.5
1996/4/15,43.5
1996/4/16,43.5
1996/4/17,43.5
1996/4/18,43.5
1996/4/19,43.5
1996/4/22,42.5
1996/4/23,43.5
1996/4/24,43.5
1996/4/25,42.5
1996/4/26,41.5
1996/4/29,39.5
1996/4/30,41.5
1996/5/1,38.5
1996/5/2,39.5
1996/5/3,40.5
1996/5/6,39.5
1996/5/7,40.5
1996/5/8,40.5
1996/5/9,38.5
1996/5/10,38.5
1996/5/13,38.5
1996/5/14,38.5
1996/5/15,39.5
1996/5/16,39.5
1996/5/17,39.5
1996/5/20,39.5
1996/5/21,39.5
1996/5/22,38.5
1996/5/23,37.5
1996/5/24,37.5
1996/5/27,38.5
1996/5/28,37.5
1996/5/29,37.5
1996/5/30,37.5
1996/5/31,37.5
1996/6/3,38.5
1996/6/4,37.5
1996/6/5,37.5
1996/6/6,38.5
1996/6/7,37.5
1996/6/10,37.5
1996/6/11,37.5
1996/6/12,37.5
1996/6/13,37.5
1996/6/14,36.5
1996/6/17,36.5
1996/6/18,36.5
1996/6/19,36.5
1996/6/20,35.5
1996/6/21,35.5
1996/6/24,35.5
1996/6/25,35.5
1996/6/26,35.5
1996/6/27,36.5
1996/6/28,35.5
1996/7/1,35.5
1996/7/2,35.5
1996/7/3,35.5
1996/7/4,35.5
1996/7/5,35.5
1996/7/8,35.5
1996/7/9,35.5
1996/7/10,36.5
1996/7/11,36.5
1996/7/12,37.5
1996/7/15,37.5
1996/7/16,37.5
1996/7/17,37.5
1996/7/18,37.5
1996/7/19,37.5
1996/7/22,36.5
1996/7/23,36.5
1996/7/24,35.5
1996/7/25,35.5
1996/7/26,35.5
1996/7/29,35.5
1996/7/30,35.5
1996/7/31,35.5
1996/8/1,34.5
1996/8/2,34.5
1996/8/5,34.5
1996/8/6,35.5
1996/8/7,35.5
1996/8/8,35.5
1996/8/9,35.5
1996/8/12,36.5
1996/8/13,34.5
1996/8/14,34.5
1996/8/15,34.5
1996/8/16,34.5
1996/8/19,34.5
1996/8/20,34.5
1996/8/21,35.5
1996/8/22,35.5
1996/8/23,34.5
1996/8/26,35.5
1996/8/27,35.5
1996/8/28,35.5
1996/8/29,34.5
1996/8/30,34.5
1996/9/2,34.5
1996/9/3,34.5
1996/9/4,34.5
1996/9/5,34.5
1996/9/6,34.5
1996/9/9,34.5
1996/9/10,34.5
1996/9/11,34.5
1996/9/12,34.5
1996/9/13,34.5
1996/9/16,34.5
1996/9/17,34.5
1996/9/18,33.5
1996/9/19,33.5
1996/9/20,33.5
1996/9/23,34.5
1996/9/24,33.5
1996/9/25,34.5
1996/9/26,33.5
1996/9/27,33.5
1996/9/30,33.5
1996/10/1,33.5
1996/10/2,35.5
1996/10/3,33.5
1996/10/4,33.5
1996/10/7,33.5
1996/10/8,32.5
1996/10/9,33.5
1996/10/10,33.5
1996/10/11,33.5
1996/10/14,33.5
1996/10/15,33.5
1996/10/16,33.5
1996/10/17,33.5
1996/10/18,32.5
1996/10/21,32.5
1996/10/22,32.5
1996/10/23,31.5
1996/10/24,31.5
1996/10/25,30.5
1996/10/28,30.5
1996/10/29,30.5
1996/10/30,30.5
1996/10/31,30.5
1996/11/1,30.5
1996/11/4,31.5
1996/11/5,31.5
1996/11/6,31.5
1996/11/7,31.5
1996/11/8,31.5
1996/11/11,32.5
1996/11/12,32.5
1996/11/13,32.5
1996/11/14,32.5
1996/11/15,31.5
1996/11/18,32.5
1996/11/19,31.5
1996/11/20,30.5
1996/11/21,31.5
1996/11/22,30.5
1996/11/25,32.5
1996/11/26,31.5
1996/11/27,31.5
1996/11/28,38.5
1996/11/29,30.5
1996/12/2,30.5
1996/12/3,30.5
1996/12/4,30.5
1996/12/5,31.5
1996/12/6,31.5
1996/12/9,32.5
1996/12/10,30.5
1996/12/11,32.5
1996/12/12,33.5
1996/12/13,32.5
1996/12/16,33.5
1996/12/17,32.5
1996/12/18,33.5
1996/12/19,32.5
1996/12/20,33.5
1996/12/23,33.5
1996/12/24,33.5
1996/12/25,33.5
1996/12/26,33.5
1996/12/27,33.5
1996/12/30,33.5
1996/12/31,33.5
1997/1/2,34.5
1997/1/3,34.5
1997/1/6,34.5
1997/1/7,35.5
1997/1/8,35.5
1997/1/9,35.5
1997/1/10,34.5
1997/1/13,34.5
1997/1/14,34.5
1997/1/15,35.5
1997/1/16,34.5
1997/1/17,33.5
1997/1/20,33.5
1997/1/21,31.5
1997/1/22,33.5
1997/1/23,31.5
1997/1/24,32.5
1997/1/27,31.5
1997/1/28,31.5
1997/1/29,31.5
1997/1/30,32.5
1997/1/31,32.5
1997/2/3,32.5
1997/2/4,32.5
1997/2/5,32.5
1997/2/6,31.5
1997/2/7,32.5
1997/2/10,30.5
1997/2/11,32.5
1997/2/12,31.5
1997/2/13,34.5
1997/2/14,34.5
1997/2/17,34.5
1997/2/18,34.5
1997/2/19,34.5
1997/2/20,33.5
1997/2/21,33.5
1997/2/24,34.5
1997/2/25,34.5
1997/2/26,33.5
1997/2/27,34.5
1997/2/28,34.5
1997/3/3,34.5
1997/3/4,35.5
1997/3/5,35.5
1997/3/6,35.5
1997/3/7,36.5
1997/3/10,36.5
1997/3/11,36.5
1997/3/12,36.5
1997/3/13,36.5
1997/3/14,36.5
1997/3/17,36.5
1997/3/18,36.5
1997/3/19,35.5
1997/3/20,35.5
1997/3/21,36.5
1997/3/24,36.5
1997/3/25,36.5
1997/3/26,36.5
1997/3/27,36.5
1997/3/28,36.5
1997/3/31,36.5
1997/4/1,37.5
1997/4/2,36.5
1997/4/3,37.5
1997/4/4,37.5
1997/4/7,37.5
1997/4/8,37.5
1997/4/9,36.5
1997/4/10,37.5
1997/4/11,37.5
1997/4/14,37.5
1997/4/15,37
1997/4/16,36.5
1997/4/17,36.5
1997/4/18,36.5
1997/4/21,36.5
1997/4/22,36.5
1997/4/23,35.5
1997/4/24,35.5
1997/4/25,35.5
1997/4/28,35
1997/4/29,35.5
1997/4/30,36.5
1997/5/1,36.5
1997/5/2,36.5
1997/5/5,37.5
1997/5/6,37.5
1997/5/7,36.5
1997/5/8,36.5
1997/5/9,35.5
1997/5/12,35.5
1997/5/13,35.5
1997/5/14,35.5
1997/5/15,36.5
1997/5/16,36.5
1997/5/19,36.5
1997/5/20,36.5
1997/5/21,36.5
1997/5/22,36.5
1997/5/23,36.5
1997/5/26,36.5
1997/5/27,36.5
1997/5/28,35.5
1997/5/29,35.5
1997/5/30,35.5
1997/6/2,34.5
1997/6/3,33.5
1997/6/4,34.5
1997/6/5,34.5
1997/6/6,35.5
1997/6/9,35.5
1997/6/10,36.5
1997/6/11,36.5
1997/6/12,36.5
1997/6/13,37.5
1997/6/16,37.5
1997/6/17,36.5
1997/6/18,37.5
1997/6/19,38.5
1997/6/20,38.5
1997/6/23,39.5
1997/6/24,39.5
1997/6/25,38.5
1997/6/26,39.5
1997/6/27,39.5
1997/6/30,38.5
1997/7/1,39.5
1997/7/2,39.5
1997/7/3,39.5
1997/7/4,39.5
1997/7/7,39.5
1997/7/8,39.5
1997/7/9,38.5
1997/7/10,38.5
1997/7/11,39.5
1997/7/14,39.5
1997/7/15,39.5
1997/7/16,38.5
1997/7/17,39.5
1997/7/18,39.5
1997/7/21,38.5
1997/7/22,39.5
1997/7/23,39.5
1997/7/24,40.5
1997/7/25,40.5
1997/7/28,40.5
1997/7/29,40.5
1997/7/30,42.5
1997/7/31,40.5
1997/8/1,40.5
1997/8/4,39.5
1997/8/5,40.5
1997/8/6,40.5
1997/8/7,41.5
1997/8/8,41.5
1997/8/11,42.5
1997/8/12,42.5
1997/8/13,42.5
1997/8/14,42.5
1997/8/15,43.5
1997/8/18,44.5
1997/8/19,43.5
1997/8/20,43.5
1997/8/21,43.5
1997/8/22,42.5
1997/8/25,42.5
1997/8/26,40.5
1997/8/27,41.5
1997/8/28,42.5
1997/8/29,42.5
1997/9/1,42.5
1997/9/2,42.5
1997/9/3,42.5
1997/9/4,42.5
1997/9/5,41.5
1997/9/8,41.5
1997/9/9,41.5
1997/9/10,41.5
1997/9/11,41.5
1997/9/12,41.5
1997/9/15,42.5
1997/9/16,42
1997/9/17,43.5
1997/9/18,44.5
1997/9/19,43.5
1997/9/22,43.5
1997/9/23,42.5
1997/9/24,43.5
1997/9/25,43.5
1997/9/26,45.5
1997/9/29,44.5
1997/9/30,44.5
1997/10/1,45.5
1997/10/2,45.5
1997/10/3,45.5
1997/10/6,45.5
1997/10/7,46.5
1997/10/8,46.5
1997/10/9,46.5
1997/10/10,45.5
1997/10/13,45.5
1997/10/14,46.5
1997/10/15,46.5
1997/10/16,47.5
1997/10/17,47.5
1997/10/20,47.5
1997/10/21,47.5
1997/10/22,47.5
1997/10/23,48.5
1997/10/24,48.5
1997/10/27,50.5
1997/10/28,51.5
1997/10/29,51.5
1997/10/30,53.5
1997/10/31,53.5
1997/11/3,52.5
1997/11/4,51.5
1997/11/5,50
1997/11/6,50
1997/11/7,50.5
1997/11/10,50.5
1997/11/11,50.5
1997/11/12,51.5
1997/11/13,50.5
1997/11/14,49.5
1997/11/17,49.5
1997/11/18,49.5
1997/11/19,48.5
1997/11/20,47.5
1997/11/21,47.5
1997/11/24,47.5
1997/11/25,45.5
1997/11/26,45.5
1997/11/27,45.5
1997/11/28,45.5
1997/12/1,45.5
1997/12/2,45.5
1997/12/3,45.5
1997/12/4,45.5
1997/12/5,44.5
1997/12/8,45.5
1997/12/9,44.5
1997/12/10,45.5
1997/12/11,46.5
1997/12/12,46.5
1997/12/15,47.5
1997/12/16,46.5
1997/12/17,45.5
1997/12/18,45.5
1997/12/19,46.5
1997/12/22,47.5
1997/12/23,48.5
1997/12/24,48.5
1997/12/25,48.5
1997/12/26,48.5
1997/12/29,48.5
1997/12/30,47.5
1997/12/31,47.5
1998/1/2,48.5
1998/1/5,49.5
1998/1/6,49.5
1998/1/7,48.5
1998/1/8,50.5
1998/1/9,51.5
1998/1/12,52.5
1998/1/13,51.5
1998/1/14,50.5
1998/1/15,50.5
1998/1/16,49.5
1998/1/19,49.5
1998/1/20,49.5
1998/1/21,48.5
1998/1/22,49.5
1998/1/23,49.5
1998/1/26,48.5
1998/1/27,47.5
1998/1/28,47.5
1998/1/29,48.5
1998/1/30,48.5
1998/2/2,47.5
1998/2/3,46.5
1998/2/4,45.5
1998/2/5,46.5
1998/2/6,45.5
1998/2/9,45.5
1998/2/10,44.5
1998/2/11,44
1998/2/12,49.5
1998/2/13,50.5
1998/2/16,50.5
1998/2/17,50.5
1998/2/18,49.5
1998/2/19,48.5
1998/2/20,48.5
1998/2/23,47.5
1998/2/24,47.5
1998/2/25,47.5
1998/2/26,47.5
1998/2/27,48.5
1998/3/2,48.5
1998/3/3,48.5
1998/3/4,47.5
1998/3/5,47.5
1998/3/6,48.5
1998/3/9,48.5
1998/3/10,48.5
1998/3/11,49.5
1998/3/12,50.5
1998/3/13,50.5
1998/3/16,50.5
1998/3/17,51.5
1998/3/18,50.5
1998/3/19,50.5
1998/3/20,49.5
1998/3/23,49.5
1998/3/24,50.5
1998/3/25,50.5
1998/3/26,50.5
1998/3/27,51.5
1998/3/30,50.5
1998/3/31,51.5
1998/4/1,52.5
1998/4/2,52.5
1998/4/6,52.5
1998/4/7,52.5
1998/4/8,52.5
1998/4/9,51.5
1998/4/10,51.5
1998/4/13,51.5
1998/4/14,50.5
1998/4/15,50.5
1998/4/16,50.5
1998/4/17,50.5
1998/4/20,50.5
1998/4/21,49.5
1998/4/22,48.5
1998/4/23,48.5
1998/4/24,48.5
1998/4/27,48.5
1998/4/28,49.5
1998/4/29,48.5
1998/4/30,49.5
1998/5/1,49.5
1998/5/4,49.5
1998/5/5,49.5
1998/5/6,50.5
1998/5/7,49.5
1998/5/8,50
1998/5/11,47.5
1998/5/12,48.5
1998/5/13,47.5
1998/5/14,51.5
1998/5/15,52.5
1998/5/18,52.5
1998/5/19,51.5
1998/5/20,51.5
1998/5/21,52.5
1998/5/22,52.5
1998/5/25,52.5
1998/5/26,52.5
1998/5/27,53.5
1998/5/28,53.5
1998/5/29,53.5
1998/6/1,53.5
1998/6/2,52.5
1998/6/3,52.5
1998/6/4,53.5
1998/6/5,53.5
1998/6/8,52.5
1998/6/9,53.5
1998/6/10,53.5
1998/6/11,54.5
1998/6/12,54.5
1998/6/15,56.5
1998/6/16,55.5
1998/6/17,54.5
1998/6/18,55.5
1998/6/19,55.5
1998/6/22,55.5
1998/6/23,55.5
1998/6/24,55.5
1998/6/25,55.5
1998/6/26,55.5
1998/6/29,55.5
1998/6/30,55.5
1998/7/1,55.5
1998/7/2,55.5
1998/7/3,55.5
1998/7/6,56.5
1998/7/7,56.5
1998/7/8,56
1998/7/9,56
1998/7/10,55.5
1998/7/13,56.5
1998/7/14,55.5
1998/7/15,56.5
1998/7/16,55.5
1998/7/17,55.5
1998/7/20,55.5
1998/7/21,56.5
1998/7/22,56.5
1998/7/23,55.5
1998/7/24,55.5
1998/7/27,55.5
1998/7/28,55.5
1998/7/29,55.5
1998/7/30,55.5
1998/7/31,55.5
1998/8/3,56.5
1998/8/4,56.5
1998/8/5,57
1998/8/6,58.5
1998/8/7,59.5
1998/8/10,59.5
1998/8/11,63.5
1998/8/12,62.5
1998/8/13,62
1998/8/14,62
1998/8/17,64
1998/8/18,64
1998/8/19,64
1998/8/20,67
1998/8/21,76
1998/8/24,81
1998/8/25,83
1998/8/26,80
1998/8/27,82.5
1998/8/28,82.5
1998/8/31,85.5
1998/9/1,82.5
1998/9/2,78
1998/9/3,77
1998/9/4,77
1998/9/7,77
1998/9/8,71
1998/9/9,73.5
1998/9/10,79
1998/9/11,81.5
1998/9/14,80
1998/9/15,80
1998/9/16,79
1998/9/17,83
1998/9/18,84.5
1998/9/21,87
1998/9/22,83.5
1998/9/23,83.5
1998/9/24,79.5
1998/9/25,81
1998/9/28,81
1998/9/29,80
1998/9/30,84.5
1998/10/1,89
1998/10/2,89
1998/10/5,94
1998/10/6,92.5
1998/10/7,90
1998/10/8,92
1998/10/9,92
1998/10/12,92
1998/10/13,94
1998/10/14,96.5
1998/10/15,91.5
1998/10/16,89.5
1998/10/19,87
1998/10/20,84.5
1998/10/21,84
1998/10/22,83.5
1998/10/23,85
1998/10/26,82
1998/10/27,82
1998/10/28,83.5
1998/10/29,82
1998/10/30,77
1998/11/2,79.5
1998/11/3,79
1998/11/4,74.5
1998/11/5,79
1998/11/6,73.5
1998/11/9,72
1998/11/10,71
1998/11/11,71
1998/11/12,74.5
1998/11/13,76
1998/11/16,77.5
1998/11/17,74.5
1998/11/18,73
1998/11/19,73.5
1998/11/20,74
1998/11/23,75
1998/11/24,75.5
1998/11/25,77.5
1998/11/26,76.5
1998/11/27,77
1998/11/30,80.5
1998/12/1,86
1998/12/2,88.5
1998/12/3,86.5
1998/12/4,85
1998/12/7,84.5
1998/12/8,84
1998/12/9,85.5
1998/12/10,86
1998/12/11,84.5
1998/12/14,85
1998/12/15,84
1998/12/16,85
1998/12/17,86
1998/12/18,82
1998/12/21,82
1998/12/22,80
1998/12/23,78.5
1998/12/24,74
1998/12/25,79
1998/12/28,77.5
1998/12/29,78.5
1998/12/30,77
1998/12/31,76
1999/1/4,71
1999/1/5,71
1999/1/6,71
1999/1/7,72
1999/1/8,73
1999/1/11,74
1999/1/12,77
1999/1/13,79
1999/1/14,81
1999/1/15,79
1999/1/18,79
1999/1/19,77
1999/1/20,74
1999/1/21,74
1999/1/22,75
1999/1/25,76
1999/1/26,77
1999/1/27,78
1999/1/28,78
1999/1/29,75
1999/2/1,75
1999/2/2,74
1999/2/3,76
1999/2/4,75
1999/2/5,75
1999/2/8,75
1999/2/9,75
1999/2/10,76
1999/2/11,78
1999/2/12,77
1999/2/15,77
1999/2/16,77
1999/2/17,76.5
1999/2/18,75
1999/2/19,75
1999/2/22,75
1999/2/23,74
1999/2/24,73
1999/2/25,71.5
1999/2/26,74
1999/3/1,74
1999/3/2,75
1999/3/3,76
1999/3/4,76
1999/3/5,76
1999/3/8,78
1999/3/9,80
1999/3/10,79
1999/3/11,77
1999/3/12,77
1999/3/15,78
1999/3/16,78
1999/3/17,79.5
1999/3/18,79
1999/3/19,78
1999/3/22,78
1999/3/23,78
1999/3/24,80
1999/3/25,79
1999/3/26,79
1999/3/29,79
1999/3/30,79.5
1999/3/31,79
1999/4/1,79
1999/4/2,79.5
1999/4/5,79.5
1999/4/6,78
1999/4/7,77
1999/4/8,77
1999/4/9,78
1999/4/12,77
1999/4/13,76.5
1999/4/14,75.5
1999/4/15,76
1999/4/16,75
1999/4/19,74.5
1999/4/20,74.5
1999/4/21,75
1999/4/22,74.5
1999/4/23,73.5
1999/4/26,74
1999/4/27,73.5
1999/4/28,72
1999/4/29,71.5
1999/4/30,71
1999/5/3,70
1999/5/4,69.5
1999/5/5,68.5
1999/5/6,67
1999/5/7,65.5
1999/5/10,65
1999/5/11,63.5
1999/5/12,64
1999/5/13,71
1999/5/14,70.5
1999/5/17,70.5
1999/5/18,70.5
1999/5/19,72.5
1999/5/20,75.5
1999/5/21,78
1999/5/24,81
1999/5/25,81
1999/5/26,79.5
1999/5/27,78
1999/5/28,79
1999/5/31,79.5
1999/6/1,79
1999/6/2,79
1999/6/3,79.5
1999/6/4,79
1999/6/7,79.5
1999/6/8,78
1999/6/9,78.5
1999/6/10,79
1999/6/11,80.5
1999/6/14,83.5
1999/6/15,83
1999/6/16,83.5
1999/6/17,82
1999/6/18,79.5
1999/6/21,79
1999/6/22,80
1999/6/23,81.5
1999/6/24,84
1999/6/25,84.5
1999/6/28,84
1999/6/29,85.5
1999/6/30,83.5
1999/7/1,83
1999/7/2,84
1999/7/5,83
1999/7/6,82.5
1999/7/7,84
1999/7/8,84
1999/7/9,85
1999/7/12,86.5
1999/7/13,89
1999/7/14,89.5
1999/7/15,90
1999/7/16,90
1999/7/19,90
1999/7/20,91
1999/7/21,91
1999/7/22,93
1999/7/23,98
1999/7/26,100
1999/7/27,99
1999/7/28,98
1999/7/29,99
1999/7/30,100
1999/8/2,102
1999/8/3,103
1999/8/4,106
1999/8/5,109
1999/8/6,105
1999/8/9,106
1999/8/10,107
1999/8/11,105
1999/8/12,109
1999/8/13,106
1999/8/16,100
1999/8/17,97
1999/8/18,98
1999/8/19,100
1999/8/20,103
1999/8/23,105
1999/8/24,102
1999/8/25,100
1999/8/26,99
1999/8/27,102
1999/8/30,106
1999/8/31,108
1999/9/1,107
1999/9/2,109
1999/9/3,107
1999/9/6,107.5
1999/9/7,108
1999/9/8,105
1999/9/9,103
1999/9/10,100
1999/9/13,96
1999/9/14,96
1999/9/15,89
1999/9/16,91
1999/9/17,93
1999/9/20,94
1999/9/21,95
1999/9/22,94
1999/9/23,93
1999/9/24,94
1999/9/27,93
1999/9/28,92
1999/9/29,97
1999/9/30,97
1999/10/1,94
1999/10/4,94
1999/10/5,93
1999/10/6,91
1999/10/7,91
1999/10/8,90
1999/10/11,90
1999/10/12,87
1999/10/13,87
1999/10/14,90
1999/10/15,93
1999/10/18,91
1999/10/19,89
1999/10/20,89
1999/10/21,90
1999/10/22,87
1999/10/25,89
1999/10/26,90
1999/10/27,89
1999/10/28,87
1999/10/29,87
1999/11/1,86
1999/11/2,87
1999/11/3,86
1999/11/4,86
1999/11/5,83
1999/11/8,83
1999/11/9,82
1999/11/10,83
1999/11/11,83
1999/11/12,81
1999/11/15,81
1999/11/16,81
1999/11/17,78
1999/11/18,78
1999/11/19,80
1999/11/22,81
1999/11/23,81
1999/11/24,81
1999/11/25,81
1999/11/26,81
1999/11/29,81
1999/11/30,79
1999/12/1,78
1999/12/2,80
1999/12/3,80
1999/12/6,79
1999/12/7,80
1999/12/8,80
1999/12/9,80
1999/12/10,81
1999/12/13,83
1999/12/14,83
1999/12/15,83
1999/12/16,84
1999/12/17,85
1999/12/20,84
1999/12/21,84
1999/12/22,82
1999/12/23,81
1999/12/24,81
1999/12/27,80
1999/12/28,80
1999/12/29,79
1999/12/30,79
1999/12/31,79
2000/1/3,76
2000/1/4,79
2000/1/5,78
2000/1/6,78
2000/1/7,76
2000/1/10,75
2000/1/11,76
2000/1/12,76
2000/1/13,76
2000/1/14,75
2000/1/17,75
2000/1/18,75
2000/1/19,75
2000/1/20,73
2000/1/21,71
2000/1/24,71
2000/1/25,71
2000/1/26,70
2000/1/27,72.85
2000/1/28,80.45
2000/1/31,85.55
2000/2/1,84.1
2000/2/2,88.7
2000/2/3,94.1
2000/2/4,91.15
2000/2/7,87.15
2000/2/8,83.7
2000/2/9,84.05
2000/2/10,92.9
2000/2/11,92.65
2000/2/14,94.6
2000/2/15,97.8
2000/2/16,100.5
2000/2/17,99.3
2000/2/18,102.1
2000/2/21,102
2000/2/22,102.95
2000/2/23,102.75
2000/2/24,103.5
2000/2/25,104.9
2000/2/28,103.8
2000/2/29,102.1
2000/3/1,101.4
2000/3/2,100.65
2000/3/3,97.9
2000/3/6,99.15
2000/3/7,102.1
2000/3/8,102.05
2000/3/9,103.9
2000/3/10,105.1
2000/3/13,107.25
2000/3/14,111.45
2000/3/15,112.1
2000/3/16,110
2000/3/17,108.5
2000/3/20,111.1
2000/3/21,113.1
2000/3/22,118.85
2000/3/23,117.2
2000/3/24,115.3
2000/3/27,116.95
2000/3/28,122.8
2000/3/29,125
2000/3/30,128.7
2000/3/31,125.75
2000/4/3,126.4
2000/4/4,127.3
2000/4/5,129.6
2000/4/6,127.8
2000/4/7,128.4
2000/4/10,138.2
2000/4/11,133.4
2000/4/12,130.7
2000/4/13,128.5
2000/4/14,134.6
2000/4/17,120.1
2000/4/18,116.8
2000/4/19,119.5
2000/4/20,120.8
2000/4/21,122.3
2000/4/25,118.7
2000/4/26,119.65
2000/4/27,119.4
2000/4/28,119
2000/5/1,117.7
2000/5/2,118.9
2000/5/3,125.5
2000/5/4,127.85
2000/5/5,130
2000/5/8,129
2000/5/9,127.8
2000/5/10,134.1
2000/5/11,131.35
2000/5/12,134.15
2000/5/15,137.1
2000/5/16,132.1
2000/5/17,133.7
2000/5/18,132.55
2000/5/19,133.15
2000/5/22,132.85
2000/5/23,133.1
2000/5/24,129.9
2000/5/25,130.55
2000/5/26,131.35
2000/5/29,131.7
2000/5/30,134
2000/5/31,135.9
2000/6/1,129.7
2000/6/2,126.55
2000/6/5,119
2000/6/6,121.25
2000/6/7,123
2000/6/8,128.7
2000/6/9,127.9
2000/6/12,125.65
2000/6/13,122.35
2000/6/14,123.9
2000/6/15,120.3
2000/6/16,119.65
2000/6/19,119.4
2000/6/20,123.6
2000/6/21,123.3
2000/6/22,125.1
2000/6/23,121.1
2000/6/26,123
2000/6/27,122.6
2000/6/28,123.25
2000/6/29,124.4
2000/6/30,123.3
2000/7/3,122.1
2000/7/4,122.1
2000/7/5,116.85
2000/7/6,117.3
2000/7/7,117
2000/7/10,117.9
2000/7/11,118.15
2000/7/12,116
2000/7/13,116.64
2000/7/14,118.25
2000/7/17,119.7
2000/7/18,121.25
2000/7/19,123.15
2000/7/20,120.4
2000/7/21,120.3
2000/7/24,120.2
2000/7/25,120.8
2000/7/26,118.25
2000/7/27,119.25
2000/7/28,121.25
2000/7/31,122.5
2000/8/1,123
2000/8/2,121.3
2000/8/3,120.3
2000/8/4,118
2000/8/7,115.7
2000/8/8,114.55
2000/8/9,114.7
2000/8/10,126.55
2000/8/11,128.45
2000/8/14,125.7
2000/8/15,124.8
2000/8/16,125.05
2000/8/17,126.4
2000/8/18,128.5
2000/8/21,129
2000/8/22,127.7
2000/8/23,126.5
2000/8/24,125.35
2000/8/25,125.5
2000/8/28,124.1
2000/8/29,125.5
2000/8/30,126.9
2000/8/31,127.25
2000/9/1,124.2
2000/9/4,123.8
2000/9/5,124.4
2000/9/6,126.5
2000/9/7,128.15
2000/9/8,128.8
2000/9/11,127
2000/9/12,126.5
2000/9/13,124.7
2000/9/14,123.9
2000/9/15,118.65
2000/9/18,115.95
2000/9/19,118.2
2000/9/20,117.45
2000/9/21,118.05
2000/9/22,114.1
2000/9/25,114.4
2000/9/26,114.05
2000/9/27,113.75
2000/9/28,112.1
2000/9/29,111.45
2000/10/2,110.95
2000/10/3,106.7
2000/10/4,110.7
2000/10/5,113
2000/10/6,115.9
2000/10/9,114.85
2000/10/10,123.1
2000/10/11,120
2000/10/12,123.3
2000/10/13,119.45
2000/10/16,118
2000/10/17,118.7
2000/10/18,121.3
2000/10/19,114.05
2000/10/20,114.2
2000/10/23,112.3
2000/10/24,113.3
2000/10/25,111.75
2000/10/26,112.3
2000/10/27,114.3
2000/10/30,112.8
2000/10/31,112.1
2000/11/1,110.8
2000/11/2,109.3
2000/11/3,108
2000/11/6,107.5
2000/11/7,109.75
2000/11/8,111.2
2000/11/9,109.4
2000/11/10,114.75
2000/11/13,112.75
2000/11/14,113.8
2000/11/15,113.25
2000/11/16,116.05
2000/11/17,113.8
2000/11/20,114.9
2000/11/21,118.1
2000/11/22,118.5
2000/11/23,119.7
2000/11/24,117.4
2000/11/27,116.1
2000/11/28,116.9
2000/11/29,116.4
2000/11/30,118.1
2000/12/1,115.8
2000/12/4,113.4
2000/12/5,110.3
2000/12/6,106.6
2000/12/7,104.6
2000/12/8,101.8
2000/12/11,100.1
2000/12/12,101.65
2000/12/13,99.2
2000/12/14,97.9
2000/12/15,96.3
2000/12/18,94.9
2000/12/19,98.2
2000/12/20,100.11
2000/12/21,101.42
2000/12/22,101.88
2000/12/25,101.6
2000/12/26,101.6
2000/12/27,102.48
2000/12/28,103.68
2000/12/29,102.14
2001/1/1,97.67
2001/1/2,97.67
2001/1/3,94.41
2001/1/4,91.22
2001/1/5,83.94
2001/1/8,83.27
2001/1/9,82.39
2001/1/10,86.65
2001/1/11,87.96
2001/1/12,88.96
2001/1/15,91.42
2001/1/16,91.42
2001/1/17,90.23
2001/1/18,88.54
2001/1/19,88.79
2001/1/22,89.78
2001/1/23,91.24
2001/1/24,90.78
2001/1/25,87.05
2001/1/26,86.12
2001/1/29,87.02
2001/1/30,83.54
2001/1/31,79.39
2001/2/1,80.04
2001/2/2,84.77
2001/2/5,86.24
2001/2/6,86.02
2001/2/7,85.22
2001/2/8,93.34
2001/2/9,92.99
2001/2/12,93.08
2001/2/13,93.16
2001/2/14,96.64
2001/2/15,97.13
2001/2/16,94.52
2001/2/19,93.32
2001/2/20,93.32
2001/2/21,93.67
2001/2/22,95.04
2001/2/23,96.24
2001/2/26,96.2
2001/2/27,91.74
2001/2/28,89.33
2001/3/1,90.12
2001/3/2,90.55
2001/3/5,90.75
2001/3/6,91.25
2001/3/7,91.96
2001/3/8,93.16
2001/3/9,95.08
2001/3/12,99.88
2001/3/13,98.08
2001/3/14,99.25
2001/3/15,96.92
2001/3/16,94.92
2001/3/19,95.07
2001/3/20,93.61
2001/3/21,90.44
2001/3/22,91.53
2001/3/23,92.7
2001/3/26,92.83
2001/3/27,95
2001/3/28,94.19
2001/3/29,94.57
2001/3/30,93.14
2001/4/2,91.9
2001/4/3,91.94
2001/4/4,92.45
2001/4/5,91.21
2001/4/6,90.27
2001/4/9,89.15
2001/4/10,89.14
2001/4/11,89.65
2001/4/12,89.21
2001/4/13,89.82
2001/4/16,89.21
2001/4/17,88.21
2001/4/18,84.06
2001/4/19,84.14
2001/4/20,82.5
2001/4/23,84
2001/4/24,84.5
2001/4/25,84.5
2001/4/26,84
2001/4/27,82
2001/4/30,82
2001/5/1,81.5
2001/5/2,78.5
2001/5/3,79.5
2001/5/4,78.5
2001/5/7,80
2001/5/8,77.5
2001/5/9,78
2001/5/10,80.5
2001/5/11,83
2001/5/14,81.5
2001/5/15,80.5
2001/5/16,79
2001/5/17,76.5
2001/5/18,76.5
2001/5/21,78
2001/5/22,77
2001/5/23,78
2001/5/24,78.5
2001/5/25,78.5
2001/5/28,80.5
2001/5/29,80.5
2001/5/30,80.5
2001/5/31,77.5
2001/6/1,78
2001/6/4,77.5
2001/6/5,77.5
2001/6/6,77
2001/6/7,78
2001/6/8,78.5
2001/6/11,79
2001/6/12,78.5
2001/6/13,78.5
2001/6/14,81
2001/6/15,84.5
2001/6/18,86
2001/6/19,86
2001/6/20,85.5
2001/6/21,86.5
2001/6/22,85
2001/6/25,84
2001/6/26,85
2001/6/27,85.5
2001/6/28,87.5
2001/6/29,87.5
2001/7/2,89.5
2001/7/3,88
2001/7/4,88
2001/7/5,86.5
2001/7/6,85.5
2001/7/9,85.5
2001/7/10,84.5
2001/7/11,86.5
2001/7/12,86.5
2001/7/13,86.5
2001/7/16,85.5
2001/7/17,84.5
2001/7/18,83.5
2001/7/19,82.5
2001/7/20,81.5
2001/7/23,81
2001/7/24,81
2001/7/25,81.5
2001/7/26,80.5
2001/7/27,80
2001/7/30,81.5
2001/7/31,80.5
2001/8/1,78.5
2001/8/2,79.5
2001/8/3,80.5
2001/8/6,80
2001/8/7,79.5
2001/8/8,79
2001/8/9,85
2001/8/10,84.5
2001/8/13,82
2001/8/14,82.5
2001/8/15,84
2001/8/16,85
2001/8/17,86
2001/8/20,87
2001/8/21,86
2001/8/22,85.5
2001/8/23,84.5
2001/8/24,84.5
2001/8/27,84.5
2001/8/28,83
2001/8/29,78.5
2001/8/30,80.5
2001/8/31,82.5
2001/9/3,82.5
2001/9/4,83.5
2001/9/5,81.5
2001/9/6,79.5
2001/9/7,79.5
2001/9/10,80
2001/9/11,80
2001/9/14,83.5
2001/9/17,80.5
2001/9/18,80
2001/9/19,75.5
2001/9/20,71
2001/9/21,69.5
2001/9/24,69.5
2001/9/25,69
2001/9/26,69
2001/9/27,67.5
2001/9/28,66.5
2001/10/1,68
2001/10/2,68
2001/10/3,68
2001/10/4,67
2001/10/5,67.5
2001/10/8,67.5
2001/10/9,69.5
2001/10/10,69.5
2001/10/11,72
2001/10/12,71.5
2001/10/15,70.5
2001/10/16,69
2001/10/17,68
2001/10/18,68
2001/10/19,67.5
2001/10/22,67
2001/10/23,67.5
2001/10/24,67
2001/10/25,65.5
2001/10/26,66.5
2001/10/29,66.5
2001/10/30,66.5
2001/10/31,65.5
2001/11/1,64.5
2001/11/2,66
2001/11/5,65
2001/11/6,62
2001/11/7,60
2001/11/8,59.5
2001/11/9,59
2001/11/12,59
2001/11/13,59
2001/11/14,58.5
2001/11/15,64.5
2001/11/16,66
2001/11/19,63
2001/11/20,64.75
2001/11/21,67.5
2001/11/22,67.5
2001/11/23,67.5
2001/11/26,67.5
2001/11/27,69
2001/11/28,72.5
2001/11/29,74
2001/11/30,70.5
2001/12/3,71
2001/12/4,69
2001/12/5,71
2001/12/6,71.5
2001/12/7,72
2001/12/10,75.5
2001/12/11,75.5
2001/12/12,74
2001/12/13,76.5
2001/12/14,79.5
2001/12/17,82
2001/12/18,80
2001/12/19,77.5
2001/12/20,80
2001/12/21,80
2001/12/24,80
2001/12/25,80
2001/12/26,80.5
2001/12/27,80
2001/12/28,79
2001/12/31,76.5
2002/1/1,76.5
2002/1/2,76.5
2002/1/3,74.5
2002/1/4,72.5
2002/1/7,70
2002/1/8,68.5
2002/1/9,69.5
2002/1/10,70
2002/1/11,66
2002/1/14,65.5
2002/1/15,66.5
2002/1/16,67.5
2002/1/17,71
2002/1/18,71
2002/1/21,71
2002/1/22,70
2002/1/23,69.5
2002/1/24,70
2002/1/25,70.5
2002/1/28,70
2002/1/29,73.5
2002/1/30,72
2002/1/31,72
2002/2/1,72
2002/2/4,71.5
2002/2/5,73
2002/2/6,73
2002/2/7,75.5
2002/2/8,75.5
2002/2/11,74
2002/2/12,73
2002/2/13,72
2002/2/14,71
2002/2/15,70.5
2002/2/18,70.5
2002/2/19,71
2002/2/20,70.5
2002/2/21,70.5
2002/2/22,71.25
2002/2/25,71.5
2002/2/26,70.5
2002/2/27,68.5
2002/2/28,66.5
2002/3/1,67.5
2002/3/4,66
2002/3/5,67.5
2002/3/6,67
2002/3/7,69
2002/3/8,70.5
2002/3/11,70
2002/3/12,69
2002/3/13,69
2002/3/14,69.5
2002/3/15,68.5
2002/3/18,67.5
2002/3/19,67
2002/3/20,67
2002/3/21,66.5
2002/3/22,66.5
2002/3/25,65.5
2002/3/26,65
2002/3/27,66
2002/3/28,66.5
2002/3/29,66.5
2002/4/1,66.5
2002/4/2,65
2002/4/3,64
2002/4/4,64
2002/4/5,63
2002/4/8,64.5
2002/4/9,64
2002/4/10,63.5
2002/4/11,65.5
2002/4/12,66.5
2002/4/15,67
2002/4/16,65.5
2002/4/17,63
2002/4/18,63
2002/4/19,62
2002/4/22,60.5
2002/4/23,60
2002/4/24,58
2002/4/25,58.5
2002/4/26,58
2002/4/29,56
2002/4/30,54
2002/5/1,53.5
2002/5/2,54.5
2002/5/3,55
2002/5/6,55.5
2002/5/7,54.5
2002/5/8,56
2002/5/9,55
2002/5/10,55
2002/5/13,55.5
2002/5/14,53.5
2002/5/15,53
2002/5/16,52.5
2002/5/17,52.5
2002/5/20,51
2002/5/21,49.5
2002/5/22,50.5
2002/5/23,51.5
2002/5/24,51
2002/5/27,51
2002/5/28,49.5
2002/5/29,48.5
2002/5/30,49.5
2002/5/31,50
2002/6/3,50.5
2002/6/4,50.5
2002/6/5,51
2002/6/6,51.5
2002/6/7,54
2002/6/10,55
2002/6/11,52.5
2002/6/12,54
2002/6/13,55
2002/6/14,54.5
2002/6/17,55
2002/6/18,55
2002/6/19,52.5
2002/6/20,52.5
2002/6/21,51.5
2002/6/24,51.5
2002/6/25,53
2002/6/26,52
2002/6/27,53.5
2002/6/28,53.5
2002/7/1,53
2002/7/2,53
2002/7/3,54.5
2002/7/4,54.5
2002/7/5,55
2002/7/8,54.5
2002/7/9,53.5
2002/7/10,51.5
2002/7/11,51.25
2002/7/12,51.5
2002/7/15,52.5
2002/7/16,53.5
2002/7/17,54.5
2002/7/18,54.5
2002/7/19,54
2002/7/22,54
2002/7/23,57
2002/7/24,58.5
2002/7/25,62.5
2002/7/26,65.75
2002/7/29,64.5
2002/7/30,64
2002/7/31,62.25
2002/8/1,62
2002/8/2,63
2002/8/5,62.5
2002/8/6,62
2002/8/7,61
2002/8/8,55
2002/8/9,56
2002/8/12,55
2002/8/13,54
2002/8/14,54
2002/8/15,55
2002/8/16,57
2002/8/19,58
2002/8/20,56
2002/8/21,54
2002/8/22,54
2002/8/23,52
2002/8/26,51
2002/8/27,52.5
2002/8/28,53
2002/8/29,52
2002/8/30,52.5
2002/9/2,52.5
2002/9/3,54
2002/9/4,54
2002/9/5,55
2002/9/6,56.5
2002/9/9,56.5
2002/9/10,57.5
2002/9/11,56.5
2002/9/12,55
2002/9/13,55
2002/9/16,54.5
2002/9/17,53.5
2002/9/18,54.5
2002/9/19,56
2002/9/20,59
2002/9/23,61.5
2002/9/24,64.5
2002/9/25,63
2002/9/26,62
2002/9/27,63.5
2002/9/30,66
2002/10/1,63
2002/10/2,62
2002/10/3,63.5
2002/10/4,66
2002/10/7,67.5
2002/10/8,66.5
2002/10/9,68.5
2002/10/10,67.5
2002/10/11,64.5
2002/10/14,64.5
2002/10/15,61
2002/10/16,60.5
2002/10/17,61
2002/10/18,62
2002/10/21,63
2002/10/22,63.5
2002/10/23,62
2002/10/24,61
2002/10/25,59.5
2002/10/28,57.5
2002/10/29,57.5
2002/10/30,56.5
2002/10/31,56
2002/11/1,56
2002/11/4,55
2002/11/5,54
2002/11/6,49.5
2002/11/7,46
2002/11/8,47.5
2002/11/11,47.5
2002/11/12,49
2002/11/13,49.5
2002/11/14,50
2002/11/15,49
2002/11/18,47.5
2002/11/19,46.5
2002/11/20,46
2002/11/21,47
2002/11/22,48
2002/11/25,48
2002/11/26,47.5
2002/11/27,48.5
2002/11/28,48.5
2002/11/29,49
2002/12/2,46
2002/12/3,44.5
2002/12/4,46
2002/12/5,46
2002/12/6,45.5
2002/12/9,45
2002/12/10,45
2002/12/11,45.5
2002/12/12,45.5
2002/12/13,46
2002/12/16,45.5
2002/12/17,44.75
2002/12/18,44.5
2002/12/19,45.5
2002/12/20,45
2002/12/23,45.5
2002/12/24,45.5
2002/12/25,45.5
2002/12/26,45.5
2002/12/27,45
2002/12/30,45
2002/12/31,44.5
2003/1/1,44.5
2003/1/2,45
2003/1/3,45.5
2003/1/6,44
2003/1/7,43
2003/1/8,43.5
2003/1/9,45
2003/1/10,45.5
2003/1/13,46
2003/1/14,44
2003/1/15,43.5
2003/1/16,43.5
2003/1/17,44
2003/1/20,44
2003/1/21,43
2003/1/22,44
2003/1/23,43.5
2003/1/24,44
2003/1/27,46
2003/1/28,45.5
2003/1/29,45
2003/1/30,44
2003/1/31,44.5
2003/2/3,44.5
2003/2/4,44.5
2003/2/5,44
2003/2/6,44
2003/2/7,44.5
2003/2/10,43.5
2003/2/11,43
2003/2/12,43
2003/2/13,42
2003/2/14,42
2003/2/17,42
2003/2/18,41
2003/2/19,40.5
2003/2/20,40.5
2003/2/21,40.5
2003/2/24,40.5
2003/2/25,40.5
2003/2/26,40.5
2003/2/27,41.5
2003/2/28,42
2003/3/3,41.5
2003/3/4,41
2003/3/5,41.5
2003/3/6,43
2003/3/7,43
2003/3/10,43.5
2003/3/11,43
2003/3/12,43
2003/3/13,44
2003/3/14,44.5
2003/3/17,45.5
2003/3/18,45
2003/3/19,45
2003/3/20,46.5
2003/3/21,47.5
2003/3/24,46
2003/3/25,45
2003/3/26,44.5
2003/3/27,44
2003/3/28,44.5
2003/3/31,43.5
2003/4/1,43.5
2003/4/2,44
2003/4/3,43.5
2003/4/4,43
2003/4/7,42.5
2003/4/8,41
2003/4/9,41
2003/4/10,40.5
2003/4/11,41
2003/4/14,40.5
2003/4/15,39.5
2003/4/16,40.5
2003/4/17,40
2003/4/18,40
2003/4/21,39.5
2003/4/22,39
2003/4/23,38
2003/4/24,37.5
2003/4/25,37
2003/4/28,37
2003/4/29,37
2003/4/30,35
2003/5/1,36.5
2003/5/2,36.5
2003/5/5,36.5
2003/5/6,35
2003/5/7,34
2003/5/8,33
2003/5/9,33
2003/5/12,32.5
2003/5/13,32.5
2003/5/14,31.5
2003/5/15,31
2003/5/16,30.5
2003/5/19,31.5
2003/5/20,32.5
2003/5/21,32.75
2003/5/22,33.5
2003/5/23,34.75
2003/5/26,34.75
2003/5/27,36.5
2003/5/28,36
2003/5/29,36
2003/5/30,35.25
2003/6/2,35
2003/6/3,34.5
2003/6/4,35
2003/6/5,34
2003/6/6,33
2003/6/9,33.5
2003/6/10,32.5
2003/6/11,33
2003/6/12,33
2003/6/13,34.5
2003/6/16,35
2003/6/17,36.5
2003/6/18,37
2003/6/19,36.5
2003/6/20,37
2003/6/23,36.5
2003/6/24,35.5
2003/6/25,34.5
2003/6/26,35
2003/6/27,34.5
2003/6/30,34.5
2003/7/1,35
2003/7/2,35.5
2003/7/3,35
2003/7/4,35
2003/7/7,35.5
2003/7/8,36.25
2003/7/9,37
2003/7/10,36.75
2003/7/11,36.75
2003/7/14,37
2003/7/15,38.25
2003/7/16,38.25
2003/7/17,38.25
2003/7/18,38.75
2003/7/21,40.25
2003/7/22,40.75
2003/7/23,41
2003/7/24,41.25
2003/7/25,41.5
2003/7/28,45
2003/7/29,50.5
2003/7/30,50
2003/7/31,58.5
2003/8/1,66
2003/8/4,64.5
2003/8/5,57
2003/8/6,50
2003/8/7,48
2003/8/8,42
2003/8/11,47
2003/8/12,47.5
2003/8/13,53
2003/8/14,49.5
2003/8/15,49.5
2003/8/18,47
2003/8/19,45.5
2003/8/20,46
2003/8/21,48
2003/8/22,49
2003/8/25,50
2003/8/26,51
2003/8/27,51
2003/8/28,50.5
2003/8/29,50.5
2003/9/1,50.5
2003/9/2,52
2003/9/3,51
2003/9/4,50.5
2003/9/5,46.5
2003/9/8,46
2003/9/9,45.5
2003/9/10,44
2003/9/11,43.5
2003/9/12,43.5
2003/9/15,44
2003/9/16,44
2003/9/17,41.5
2003/9/18,41.5
2003/9/19,41.5
2003/9/22,41.5
2003/9/23,41
2003/9/24,40
2003/9/25,40
2003/9/26,41
2003/9/29,42
2003/9/30,42.5
2003/10/1,44.5
2003/10/2,45.5
2003/10/3,45
2003/10/6,44.5
2003/10/7,44
2003/10/8,43
2003/10/9,43.5
2003/10/10,43
2003/10/13,43
2003/10/14,43
2003/10/15,43
2003/10/16,44
2003/10/17,43.5
2003/10/20,41.5
2003/10/21,41.5
2003/10/22,41.75
2003/10/23,43
2003/10/24,42
2003/10/27,41.5
2003/10/28,41.5
2003/10/29,40.5
2003/10/30,41.5
2003/10/31,42
2003/11/3,42
2003/11/4,41.5
2003/11/5,41.5
2003/11/6,42
2003/11/7,43
2003/11/10,43
2003/11/11,43
2003/11/12,42
2003/11/13,40.25
2003/11/14,38.75
2003/11/17,39.25
2003/11/18,38.5
2003/11/19,38.75
2003/11/20,39.25
2003/11/21,39.25
2003/11/24,39.5
2003/11/25,39.25
2003/11/26,39.25
2003/11/27,39.25
2003/11/28,39.25
2003/12/1,40.75
2003/12/2,40.75
2003/12/3,40
2003/12/4,39.25
2003/12/5,38.25
2003/12/8,39
2003/12/9,38.75
2003/12/10,38
2003/12/11,36.25
2003/12/12,36.75
2003/12/15,37
2003/12/16,36.5
2003/12/17,36.5
2003/12/18,37
2003/12/19,38
2003/12/22,39
2003/12/23,39.25
2003/12/24,39
2003/12/25,39
2003/12/26,39.25
2003/12/29,39
2003/12/30,39.25
2003/12/31,39.25
2004/1/1,39.25
2004/1/2,39.75
2004/1/5,38.5
2004/1/6,37.5
2004/1/7,37.75
2004/1/8,38.25
2004/1/9,37.5
2004/1/12,36.75
2004/1/13,36.5
2004/1/14,37
2004/1/15,37.25
2004/1/16,36.75
2004/1/19,36.75
2004/1/20,36.5
2004/1/21,36.5
2004/1/22,36.5
2004/1/23,37.25
2004/1/26,38
2004/1/27,37.75
2004/1/28,39
2004/1/29,39.5
2004/1/30,39.5
2004/2/2,39.75
2004/2/3,38.75
2004/2/4,39.25
2004/2/5,41
2004/2/6,40.5
2004/2/9,40.5
2004/2/10,40.5
2004/2/11,39.75
2004/2/12,40.5
2004/2/13,38.5
2004/2/16,38.5
2004/2/17,38.5
2004/2/18,38.5
2004/2/19,38.5
2004/2/20,39.25
2004/2/23,39.25
2004/2/24,39.5
2004/2/25,39.75
2004/2/26,39.75
2004/2/27,39.75
2004/3/1,40.25
2004/3/2,40.25
2004/3/3,40.25
2004/3/4,40
2004/3/5,39.25
2004/3/8,38.5
2004/3/9,38
2004/3/10,37
2004/3/11,36.75
2004/3/12,37.25
2004/3/15,37
2004/3/16,36.75
2004/3/17,36.5
2004/3/18,37.25
2004/3/19,37.25
2004/3/22,36.5
2004/3/23,36.5
2004/3/24,36.75
2004/3/25,37.5
2004/3/26,37.5
2004/3/29,38.25
2004/3/30,38.75
2004/3/31,39
2004/4/1,40
2004/4/2,41.75
2004/4/5,42.25
2004/4/6,41.5
2004/4/7,41.75
2004/4/8,41.25
2004/4/9,41.25
2004/4/12,41.25
2004/4/13,42
2004/4/14,43
2004/4/15,44
2004/4/16,43.5
2004/4/19,43.75
2004/4/20,45.25
2004/4/21,44
2004/4/22,43.75
2004/4/23,44.5
2004/4/26,45.5
2004/4/27,44.75
2004/4/28,46.5
2004/4/29,47.5
2004/4/30,47.75
2004/5/3,49
2004/5/4,50.75
2004/5/5,51.75
2004/5/6,52.5
2004/5/7,54.75
2004/5/10,54.5
2004/5/11,53.75
2004/5/12,51.25
2004/5/13,52.5
2004/5/14,51.75
2004/5/17,49.5
2004/5/18,48.75
2004/5/19,50.5
2004/5/20,49.5
2004/5/21,49.5
2004/5/24,49.75
2004/5/25,49.88
2004/5/26,50
2004/5/27,48.5
2004/5/28,48
2004/5/31,48
2004/6/1,48.75
2004/6/2,49
2004/6/3,49.25
2004/6/4,49
2004/6/7,48.5
2004/6/8,47.75
2004/6/9,47.88
2004/6/10,48.75
2004/6/11,48.25
2004/6/14,49
2004/6/15,48
2004/6/16,48.5
2004/6/17,48.5
2004/6/18,48.5
2004/6/21,48.75
2004/6/22,49
2004/6/23,49
2004/6/24,49.25
2004/6/25,49.25
2004/6/28,49.5
2004/6/29,49
2004/6/30,48.25
2004/7/1,48.31
2004/7/2,48
2004/7/5,47.5
2004/7/6,47.5
2004/7/7,47.31
2004/7/8,47.63
2004/7/9,48.25
2004/7/12,48.25
2004/7/13,48.5
2004/7/14,48.5
2004/7/15,48.75
2004/7/16,47.75
2004/7/19,47.75
2004/7/20,47.75
2004/7/21,48
2004/7/22,48.25
2004/7/23,48.25
2004/7/26,49
2004/7/27,49.75
2004/7/28,49.5
2004/7/29,49
2004/7/30,48.75
2004/8/2,48.75
2004/8/3,48.5
2004/8/4,48.5
2004/8/5,49
2004/8/6,48
2004/8/9,47.5
2004/8/10,48
2004/8/11,47.75
2004/8/12,48
2004/8/13,46.25
2004/8/16,46.5
2004/8/17,45.75
2004/8/18,45
2004/8/19,45.25
2004/8/20,45
2004/8/23,45.75
2004/8/24,45.75
2004/8/25,45.5
2004/8/26,45
2004/8/27,46.25
2004/8/30,46
2004/8/31,45.25
2004/9/1,45
2004/9/2,46.63
2004/9/3,47.75
2004/9/6,47.75
2004/9/7,46.5
2004/9/8,45.25
2004/9/9,45.5
2004/9/10,45.25
2004/9/13,44.25
2004/9/14,43.5
2004/9/15,43.75
2004/9/16,43.25
2004/9/17,43.5
2004/9/20,42
2004/9/21,41.75
2004/9/22,40.75
2004/9/23,41.38
2004/9/24,42
2004/9/27,42.25
2004/9/28,41.75
2004/9/29,42.75
2004/9/30,43.5
2004/10/1,44.5
2004/10/4,45
2004/10/5,45.5
2004/10/6,46
2004/10/7,46.75
2004/10/8,45.25
2004/10/11,45.25
2004/10/12,44.75
2004/10/13,44.25
2004/10/14,43.25
2004/10/15,43.5
2004/10/18,43
2004/10/19,43
2004/10/20,42.75
2004/10/21,42.5
2004/10/22,42.5
2004/10/25,42.25
2004/10/26,42.25
2004/10/27,42.5
2004/10/28,43
2004/10/29,43
2004/11/1,43.75
2004/11/2,43.75
2004/11/3,43.75
2004/11/4,43.5
2004/11/5,43.5
2004/11/8,43.25
2004/11/9,43.5
2004/11/10,43.25
2004/11/11,42.25
2004/11/12,42.5
2004/11/15,42.25
2004/11/16,42.25
2004/11/17,41.5
2004/11/18,41
2004/11/19,40.5
2004/11/22,38.75
2004/11/23,38.75
2004/11/24,38.5
2004/11/25,38.5
2004/11/26,39.25
2004/11/29,39.75
2004/11/30,41.25
2004/12/1,41
2004/12/2,42
2004/12/3,41
2004/12/6,40.25
2004/12/7,38.5
2004/12/8,38.75
2004/12/9,39.25
2004/12/10,39.25
2004/12/13,39.5
2004/12/14,39.75
2004/12/15,39
2004/12/16,39.75
2004/12/17,39.75
2004/12/20,40
2004/12/21,40.5
2004/12/22,41.25
2004/12/23,41.5
2004/12/24,41.5
2004/12/27,42
2004/12/28,42
2004/12/29,41.5
2004/12/30,42
2004/12/31,41.5
2005/1/3,41.25
2005/1/4,40.25
2005/1/5,40.5
2005/1/6,40.5
2005/1/7,40.25
2005/1/10,40.25
2005/1/11,40.25
2005/1/12,39.75
2005/1/13,39.5
2005/1/14,39.25
2005/1/17,39.25
2005/1/18,38.5
2005/1/19,38.25
2005/1/20,38
2005/1/21,38.17
2005/1/24,38.16
2005/1/25,38.25
2005/1/26,38
2005/1/27,38
2005/1/28,38.5
2005/1/31,38.25
2005/2/1,38.5
2005/2/2,38.56
2005/2/3,38.5
2005/2/4,38.25
2005/2/7,38.25
2005/2/8,37.5
2005/2/9,37
2005/2/10,37.75
2005/2/11,38
2005/2/14,37.75
2005/2/15,37.75
2005/2/16,37.5
2005/2/17,37.75
2005/2/18,38.5
2005/2/21,38.5
2005/2/22,38.75
2005/2/23,38.75
2005/2/24,38.75
2005/2/25,39
2005/2/28,40.75
2005/3/1,41
2005/3/2,42
2005/3/3,42.25
2005/3/4,40.75
2005/3/7,40.25
2005/3/8,40.75
2005/3/9,43
2005/3/10,42
2005/3/11,42.5
2005/3/14,42.75
2005/3/15,42.75
2005/3/16,44.25
2005/3/17,43.75
2005/3/18,43.25
2005/3/21,43.75
2005/3/22,46
2005/3/23,45.5
2005/3/24,44.75
2005/3/25,44.75
2005/3/28,45.25
2005/3/29,45.13
2005/3/30,45.25
2005/3/31,45.75
2005/4/1,46.25
2005/4/4,47.25
2005/4/5,47.25
2005/4/6,47.25
2005/4/7,47.5
2005/4/8,47.5
2005/4/11,47.5
2005/4/12,46.5
2005/4/13,45.5
2005/4/14,46
2005/4/15,45.5
2005/4/18,45.25
2005/4/19,43.75
2005/4/20,43.5
2005/4/21,45
2005/4/22,44.5
2005/4/25,44.25
2005/4/26,44.25
2005/4/27,44.25
2005/4/28,43.75
2005/4/29,44.75
2005/5/2,45
2005/5/3,44.75
2005/5/4,43.5
2005/5/5,43.75
2005/5/6,44
2005/5/9,44
2005/5/10,44.5
2005/5/11,46
2005/5/12,45
2005/5/13,47
2005/5/16,46.5
2005/5/17,46.5
2005/5/18,45.5
2005/5/19,44.75
2005/5/20,45
2005/5/23,44.25
2005/5/24,43.75
2005/5/25,43
2005/5/26,42
2005/5/27,42
2005/5/30,42
2005/5/31,41.75
2005/6/1,40.5
2005/6/2,40.75
2005/6/3,41.5
2005/6/6,41
2005/6/7,40.25
2005/6/8,40
2005/6/9,40.25
2005/6/10,41.25
2005/6/13,41.75
2005/6/14,42.5
2005/6/15,42.5
2005/6/16,41.5
2005/6/17,41
2005/6/20,40.25
2005/6/21,39.5
2005/6/22,39.5
2005/6/23,40
2005/6/24,39.75
2005/6/27,40.25
2005/6/28,41.25
2005/6/29,41.5
2005/6/30,42
2005/7/1,43
2005/7/4,43
2005/7/5,43.75
2005/7/6,42.75
2005/7/7,43.25
2005/7/8,43
2005/7/11,42.75
2005/7/12,42.75
2005/7/13,42
2005/7/14,42.5
2005/7/15,42.75
2005/7/18,43.5
2005/7/19,43.25
2005/7/20,43.25
2005/7/21,44.75
2005/7/22,44
2005/7/25,44.25
2005/7/26,44.25
2005/7/27,43.75
2005/7/28,43.75
2005/7/29,44.5
2005/8/1,44.75
2005/8/2,44.75
2005/8/3,44.5
2005/8/4,44.75
2005/8/5,45.25
2005/8/8,46
2005/8/9,45.5
2005/8/10,44.5
2005/8/11,43.38
2005/8/12,44.25
2005/8/15,44.5
2005/8/16,44.5
2005/8/17,45
2005/8/18,44.75
2005/8/19,44.75
2005/8/22,45
2005/8/23,44.5
2005/8/24,44.5
2005/8/25,44.5
2005/8/26,44.25
2005/8/29,44
2005/8/30,43.75
2005/8/31,43.5
2005/9/1,43.75
2005/9/2,44
2005/9/5,44
2005/9/6,44.25
2005/9/7,43.75
2005/9/8,43.25
2005/9/9,42.75
2005/9/12,42.5
2005/9/13,42.5
2005/9/14,42.25
2005/9/15,43.25
2005/9/16,44.25
2005/9/19,44.25
2005/9/20,44.5
2005/9/21,43.5
2005/9/22,43.5
2005/9/23,44.75
2005/9/26,45.38
2005/9/27,45.5
2005/9/28,45
2005/9/29,45.5
2005/9/30,46
2005/10/3,47.25
2005/10/4,46.75
2005/10/5,46.5
2005/10/6,47
2005/10/7,46.25
2005/10/10,46.25
2005/10/11,47
2005/10/12,47.5
2005/10/13,48
2005/10/14,48.25
2005/10/17,48
2005/10/18,47.5
2005/10/19,48
2005/10/20,48.75
2005/10/21,48.5
2005/10/24,48.75
2005/10/25,49.25
2005/10/26,50.25
2005/10/27,49.75
2005/10/28,50.5
2005/10/31,51.75
2005/11/1,52
2005/11/2,53.5
2005/11/3,55.5
2005/11/4,55.3
2005/11/7,54.8
2005/11/8,53.25
2005/11/9,54.3
2005/11/10,53.2
2005/11/11,53.25
2005/11/14,55
2005/11/15,54.8
2005/11/16,54
2005/11/17,54
2005/11/18,54.8
2005/11/21,54.3
2005/11/22,53.75
2005/11/23,54.25
2005/11/24,54.25
2005/11/25,54.25
2005/11/28,54.3
2005/11/29,54.5
2005/11/30,55.5
2005/12/1,56.75
2005/12/2,56.5
2005/12/5,56.5
2005/12/6,56.2
2005/12/7,56.5
2005/12/8,56
2005/12/9,56.5
2005/12/12,56
2005/12/13,55
2005/12/14,54.5
2005/12/15,54.25
2005/12/16,54
2005/12/19,54.5
2005/12/20,54.75
2005/12/21,54.8
2005/12/22,55.3
2005/12/23,54.75
2005/12/26,54.75
2005/12/27,54.25
2005/12/28,54.5
2005/12/29,55
2005/12/30,55
2006/1/2,55
2006/1/3,55
2006/1/4,54
2006/1/5,53.1
2006/1/6,51.5
2006/1/9,50.5
2006/1/10,51.5
2006/1/11,50.8
2006/1/12,50.5
2006/1/13,50.5
2006/1/16,50.5
2006/1/17,50
2006/1/18,50
2006/1/19,50.2
2006/1/20,49.5
2006/1/23,49.7
2006/1/24,50.5
2006/1/25,51.2
2006/1/26,51.75
2006/1/27,51.3
2006/1/30,51.5
2006/1/31,51.5
2006/2/1,52.25
2006/2/2,52
2006/2/3,51.8
2006/2/6,51.6
2006/2/7,51.5
2006/2/8,51
2006/2/9,53.5
2006/2/10,53.5
2006/2/13,52.7
2006/2/14,53
2006/2/15,52.7
2006/2/16,53
2006/2/17,53
2006/2/20,53
2006/2/21,53.5
2006/2/22,53
2006/2/23,53
2006/2/24,52.5
2006/2/27,52.25
2006/2/28,52.5
2006/3/1,53.5
2006/3/2,54
2006/3/3,54.75
2006/3/6,55.8
2006/3/7,55.3
2006/3/8,54.5
2006/3/9,54.25
2006/3/10,53.7
2006/3/13,54.2
2006/3/14,53.5
2006/3/15,53.7
2006/3/16,53.25
2006/3/17,53.5
2006/3/20,53.3
2006/3/21,53.5
2006/3/22,53.5
2006/3/23,53.5
2006/3/24,53
2006/3/27,52.8
2006/3/28,53.2
2006/3/29,53.2
2006/3/30,54.3
2006/3/31,54
2006/4/3,54.2
2006/4/4,54.2
2006/4/5,53.7
2006/4/6,54
2006/4/7,55
2006/4/10,54.3
2006/4/11,53.7
2006/4/12,54
2006/4/13,54.75
2006/4/14,54.75
2006/4/17,54.25
2006/4/18,53
2006/4/19,53
2006/4/20,53
2006/4/21,52.2
2006/4/24,51.5
2006/4/25,52
2006/4/26,51.7
2006/4/27,51
2006/4/28,50.75
2006/5/1,51
2006/5/2,51.2
2006/5/3,52.2
2006/5/4,52.8
2006/5/5,52.2
2006/5/8,51.75
2006/5/9,50.5
2006/5/10,50.5
2006/5/11,50
2006/5/12,52.25
2006/5/15,51.5
2006/5/16,51.38
2006/5/17,52.5
2006/5/18,52.75
2006/5/19,53.7
2006/5/22,55
2006/5/23,55
2006/5/24,54.7
2006/5/25,55.25
2006/5/26,54.75
2006/5/29,54.75
2006/5/30,55.2
2006/5/31,56
2006/6/1,56
2006/6/2,55.2
2006/6/5,55
2006/6/6,55
2006/6/7,55.5
2006/6/8,56
2006/6/9,56
2006/6/12,56.2
2006/6/13,56
2006/6/14,57.2
2006/6/15,57.2
2006/6/16,57.5
2006/6/19,57.75
2006/6/20,57.5
2006/6/21,57.7
2006/6/22,58.5
2006/6/23,58.75
2006/6/26,59
2006/6/27,58.5
2006/6/28,59
2006/6/29,58.5
2006/6/30,59
2006/7/3,59.63
2006/7/4,59.63
2006/7/5,60.5
2006/7/6,61
2006/7/7,60.7
2006/7/10,60.5
2006/7/11,60.2
2006/7/12,60
2006/7/13,60.2
2006/7/14,60.7
2006/7/17,60.7
2006/7/18,61
2006/7/19,60.2
2006/7/20,58.75
2006/7/21,58.7
2006/7/24,58.25
2006/7/25,58
2006/7/26,57.7
2006/7/27,57.2
2006/7/28,57
2006/7/31,56.2
2006/8/1,56.5
2006/8/2,56.2
2006/8/3,56.8
2006/8/4,56
2006/8/7,55.7
2006/8/8,54.5
2006/8/9,53.7
2006/8/10,55.3
2006/8/11,55
2006/8/14,55.5
2006/8/15,54.7
2006/8/16,53.7
2006/8/17,52.5
2006/8/18,52.98
2006/8/21,53.3
2006/8/22,53.8
2006/8/23,54.75
2006/8/24,55.5
2006/8/25,55.3
2006/8/28,55.8
2006/8/29,55
2006/8/30,55.7
2006/8/31,55.8
2006/9/1,55.5
2006/9/4,55.5
2006/9/5,53.5
2006/9/6,53
2006/9/7,52.75
2006/9/8,53.3
2006/9/11,53.3
2006/9/12,53.3
2006/9/13,53
2006/9/14,53.5
2006/9/15,54.5
2006/9/18,54.8
2006/9/19,55
2006/9/20,54.5
2006/9/21,53.7
2006/9/22,53.5
2006/9/25,52.5
2006/9/26,53.3
2006/9/27,52.8
2006/9/28,53.3
2006/9/29,53.8
2006/10/2,54.13
2006/10/3,54
2006/10/4,53.3
2006/10/5,53.8
2006/10/6,54.75
2006/10/9,54.75
2006/10/10,55.5
2006/10/11,55.5
2006/10/12,55.5
2006/10/13,55.3
2006/10/16,54.3
2006/10/17,54
2006/10/18,53.8
2006/10/19,54
2006/10/20,54
2006/10/23,54
2006/10/24,53.8
2006/10/25,53.3
2006/10/26,53
2006/10/27,52.8
2006/10/30,53.1
2006/10/31,53
2006/11/1,52.5
2006/11/2,52.5
2006/11/3,53.8
2006/11/6,53.3
2006/11/7,52.8
2006/11/8,52.5
2006/11/9,52.5
2006/11/10,53
2006/11/13,53
2006/11/14,52.2
2006/11/15,51.5
2006/11/16,50.3
2006/11/17,49.5
2006/11/20,49.5
2006/11/21,49.3
2006/11/22,49.38
2006/11/23,49.38
2006/11/24,48.88
2006/11/27,48.5
2006/11/28,47.8
2006/11/29,47.8
2006/11/30,47.8
2006/12/1,46.5
2006/12/4,45.75
2006/12/5,45.3
2006/12/6,46.3
2006/12/7,48.98
2006/12/8,49.3
2006/12/11,49
2006/12/12,47.8
2006/12/13,46.8
2006/12/14,47
2006/12/15,47.5
2006/12/18,48.5
2006/12/19,49
2006/12/20,49
2006/12/21,48.8
2006/12/22,49
2006/12/25,49
2006/12/26,49
2006/12/27,48
2006/12/28,48
2006/12/29,47.75
2007/1/1,47.75
2007/1/2,47.75
2007/1/3,46.8
2007/1/4,46.3
2007/1/5,45.8
2007/1/8,46
2007/1/9,46.8
2007/1/10,48.3
2007/1/11,48.4
2007/1/12,48.75
2007/1/15,48.75
2007/1/16,49
2007/1/17,49.8
2007/1/18,48.8
2007/1/19,49.2
2007/1/22,48.1
2007/1/23,48.5
2007/1/24,48.8
2007/1/25,50
2007/1/26,51
2007/1/29,52.75
2007/1/30,52.5
2007/1/31,52
2007/2/1,51.5
2007/2/2,49.75
2007/2/5,48.8
2007/2/6,49
2007/2/7,49
2007/2/8,50.25
2007/2/9,51.8
2007/2/12,52.3
2007/2/13,51
2007/2/14,50
2007/2/15,50.5
2007/2/16,51.16
2007/2/19,51.16
2007/2/20,50.63
2007/2/21,51.1
2007/2/22,51.3
2007/2/23,52.25
2007/2/26,52.5
2007/2/27,54.5
2007/2/28,54.5
2007/3/1,54.8
2007/3/2,56.5
2007/3/5,56.5
2007/3/6,54.5
2007/3/7,53.75
2007/3/8,54
2007/3/9,54
2007/3/12,54.3
2007/3/13,54.75
2007/3/14,54
2007/3/15,53.5
2007/3/16,53.8
2007/3/19,53.3
2007/3/20,53.3
2007/3/21,51.75
2007/3/22,52
2007/3/23,53
2007/3/26,53.3
2007/3/27,53
2007/3/28,53.5
2007/3/29,53.3
2007/3/30,52.8
2007/4/2,53
2007/4/3,53.3
2007/4/4,53.8
2007/4/5,53.5
2007/4/6,53.75
2007/4/9,53.82
2007/4/10,53.75
2007/4/11,53.8
2007/4/12,54
2007/4/13,53.5
2007/4/16,53
2007/4/17,52.3
2007/4/18,52
2007/4/19,52.3
2007/4/20,52.5
2007/4/23,52.5
2007/4/24,52.3
2007/4/25,53
2007/4/26,53.8
2007/4/27,54
2007/4/30,54.3
2007/5/1,54.3
2007/5/2,54
2007/5/3,53.5
2007/5/4,53.8
2007/5/7,54
2007/5/8,53.8
2007/5/9,54.3
2007/5/10,54
2007/5/11,54
2007/5/14,54.25
2007/5/15,54.1
2007/5/16,54.1
2007/5/17,54.8
2007/5/18,55.9
2007/5/21,55.3
2007/5/22,55.2
2007/5/23,55.81
2007/5/24,55.57
2007/5/25,55.58
2007/5/28,55.58
2007/5/29,55.9
2007/5/30,56
2007/5/31,56.75
2007/6/1,57.68
2007/6/4,57
2007/6/5,57.8
2007/6/6,57.8
2007/6/7,61
2007/6/8,60.5
2007/6/11,61
2007/6/12,63.5
2007/6/13,61
2007/6/14,59.5
2007/6/15,59.8
2007/6/18,58.3
2007/6/19,58.5
2007/6/20,60.68
2007/6/21,62.75
2007/6/22,62
2007/6/25,63
2007/6/26,62.5
2007/6/27,61.8
2007/6/28,62.3
2007/6/29,63.8
2007/7/2,63
2007/7/3,62.5
2007/7/4,62.5
2007/7/5,63.3
2007/7/6,64.2
2007/7/9,64.3
2007/7/10,66.75
2007/7/11,66.3
2007/7/12,65.3
2007/7/13,64.8
2007/7/16,65.8
2007/7/17,66.5
2007/7/18,67.3
2007/7/19,66.5
2007/7/20,68.8
2007/7/23,68.8
2007/7/24,70.5
2007/7/25,70.8
2007/7/26,74
2007/7/27,75.75
2007/7/30,74.8
2007/7/31,74.52
2007/8/1,73.3
2007/8/2,72
2007/8/3,74.8
2007/8/6,72.13
2007/8/7,69.5
2007/8/8,66.5
2007/8/9,69.2
2007/8/10,71.75
2007/8/13,72.6
2007/8/14,73.75
2007/8/15,75.3
2007/8/16,77.9
2007/8/17,76
2007/8/20,76.25
2007/8/21,74
2007/8/22,70.25
2007/8/23,70.5
2007/8/24,66.19
2007/8/27,67.25
2007/8/28,71.25
2007/8/29,71
2007/8/30,71.5
2007/8/31,69.75
2007/9/3,69.75
2007/9/4,70.38
2007/9/5,69.5
2007/9/6,68.25
2007/9/7,65.75
2007/9/10,65.5
2007/9/11,65.8
2007/9/12,65.3
2007/9/13,66.13
2007/9/14,67.25
2007/9/17,67.8
2007/9/18,61.38
2007/9/19,60.73
2007/9/20,64.75
2007/9/21,64.3
2007/9/24,65.31
2007/9/25,65.8
2007/9/26,64.5
2007/9/27,62.3
2007/9/28,62.5
2007/10/1,63
2007/10/2,62.6
2007/10/3,62.1
2007/10/4,62.5
2007/10/5,63
2007/10/8,63
2007/10/9,62.8
2007/10/10,61.5
2007/10/11,60.2
2007/10/12,61.7
2007/10/15,63.2
2007/10/16,63.2
2007/10/17,63.7
2007/10/18,63.9
2007/10/19,64.5
2007/10/22,63.7
2007/10/23,62.2
2007/10/24,62
2007/10/25,63
2007/10/26,64.1
2007/10/29,62.75
2007/10/30,63.3
2007/10/31,63.5
2007/11/1,64.75
2007/11/2,68.75
2007/11/5,72
2007/11/6,71.1
2007/11/7,73.5
2007/11/8,76
2007/11/9,76
2007/11/12,76
2007/11/13,73
2007/11/14,71.8
2007/11/15,73.69
2007/11/16,74
2007/11/19,78
2007/11/20,81.63
2007/11/21,82
2007/11/22,82
2007/11/23,76.25
2007/11/26,72.81
2007/11/27,69.56
2007/11/28,68
2007/11/29,67.23
2007/11/30,65.38
2007/12/3,67.75
2007/12/4,68.5
2007/12/5,67.5
2007/12/6,67.5
2007/12/7,72
2007/12/10,72.4
2007/12/11,73.2
2007/12/12,69.7
2007/12/13,65.7
2007/12/14,68.4
2007/12/17,67.2
2007/12/18,66
2007/12/19,63.7
2007/12/20,65
2007/12/21,65.5
2007/12/24,65.5
2007/12/25,65.5
2007/12/26,65.3
2007/12/27,66.7
2007/12/28,64.7
2007/12/31,63.75
2008/1/1,63.75
2008/1/2,63.9
2008/1/3,64.4
2008/1/4,62.8
2008/1/7,61.6
2008/1/8,62.25
2008/1/9,62.8
2008/1/10,60.8
2008/1/11,60.2
2008/1/14,58.7
2008/1/15,57.8
2008/1/16,59.8
2008/1/17,61.4
2008/1/18,62
2008/1/21,62
2008/1/22,59.4
2008/1/23,65
2008/1/24,63.8
2008/1/25,59.7
2008/1/28,60
2008/1/29,59.5
2008/1/30,62
2008/1/31,61.8
2008/2/1,63.3
2008/2/4,63.5
2008/2/5,63.8
2008/2/6,64
2008/2/7,66.7
2008/2/8,66.5
2008/2/11,67.8
2008/2/12,68.3
2008/2/13,69.8
2008/2/14,73.7
2008/2/15,72.75
2008/2/18,72.75
2008/2/19,76.3
2008/2/20,70.3
2008/2/21,71.8
2008/2/22,74.7
2008/2/25,74
2008/2/26,70.5
2008/2/27,68.3
2008/2/28,70.7
2008/2/29,71
2008/3/3,70.8
2008/3/4,75.5
2008/3/5,82.5
2008/3/6,91.29
2008/3/7,86
2008/3/10,86.5
2008/3/11,75.05
2008/3/12,73.75
2008/3/13,71
2008/3/14,71.5
2008/3/17,62.5
2008/3/18,62.5
2008/3/19,59.8
2008/3/20,62
2008/3/21,62
2008/3/24,62.8
2008/3/25,62.5
2008/3/26,65.5
2008/3/27,68
2008/3/28,67.75
2008/3/31,66
2008/4/1,64.3
2008/4/2,67
2008/4/3,67.8
2008/4/4,62.75
2008/4/7,62.3
2008/4/8,64
2008/4/9,65
2008/4/10,64.25
2008/4/11,64.5
2008/4/14,68
2008/4/15,70.5
2008/4/16,73
2008/4/17,70.2
2008/4/18,66.5
2008/4/21,64.3
2008/4/22,62.8
2008/4/23,63.8
2008/4/24,64.8
2008/4/25,64.25
2008/4/28,63.25
2008/4/29,62.05
2008/4/30,61.05
2008/5/1,61.05
2008/5/2,61
2008/5/5,61.05
2008/5/6,62.75
2008/5/7,61.25
2008/5/8,58.5
2008/5/9,60.25
2008/5/12,60.25
2008/5/13,63.25
2008/5/14,62.5
2008/5/15,58.38
2008/5/16,58.5
2008/5/19,56.75
2008/5/20,58.25
2008/5/21,59.25
2008/5/22,60.75
2008/5/23,61.5
2008/5/26,61.75
2008/5/27,63.75
2008/5/28,64.25
2008/5/29,64
2008/5/30,64.45
2008/6/2,64.5
2008/6/3,65.75
2008/6/4,69.5
2008/6/5,72.75
2008/6/6,74.5
2008/6/9,73.75
2008/6/10,75.56
2008/6/11,70.75
2008/6/12,70.5
2008/6/13,70.5
2008/6/16,70.75
2008/6/17,68
2008/6/18,65.5
2008/6/19,65.75
2008/6/20,68.75
2008/6/23,71.5
2008/6/24,70.5
2008/6/25,69.5
2008/6/26,72.25
2008/6/27,71.25
2008/6/30,70.25
2008/7/1,71
2008/7/2,75
2008/7/3,75.75
2008/7/4,75.75
2008/7/7,78.5
2008/7/8,74
2008/7/9,72.56
2008/7/10,71.5
2008/7/11,68
2008/7/14,69.38
2008/7/15,68.88
2008/7/16,70.75
2008/7/17,75.75
2008/7/18,76
2008/7/21,75
2008/7/22,72.25
2008/7/23,69.5
2008/7/24,68
2008/7/25,69.5
2008/7/28,69.5
2008/7/29,69.25
2008/7/30,67.75
2008/7/31,70.75
2008/8/1,72.25
2008/8/4,74.88
2008/8/5,74.25
2008/8/6,74.53
2008/8/7,76
2008/8/8,74
2008/8/11,74
2008/8/12,73.25
2008/8/13,72
2008/8/14,73.25
2008/8/15,74.25
2008/8/18,77
2008/8/19,75
2008/8/20,71.25
2008/8/21,70.5
2008/8/22,72
2008/8/25,73.5
2008/8/26,71.13
2008/8/27,70
2008/8/28,68.25
2008/8/29,67.75
2008/9/1,67.75
2008/9/2,69.5
2008/9/3,69
2008/9/4,68
2008/9/5,68.25
2008/9/8,59.5
2008/9/9,63.13
2008/9/10,61.75
2008/9/11,58.75
2008/9/12,61.5
2008/9/15,61.88
2008/9/16,64.75
2008/9/17,67
2008/9/18,68.75
2008/9/19,66.25
2008/9/22,68.75
2008/9/23,71
2008/9/24,75.75
2008/9/25,67.44
2008/9/26,67.5
2008/9/29,70
2008/9/30,66.5
2008/10/1,66.25
2008/10/2,71.25
2008/10/3,66.25
2008/10/6,63.75
2008/10/7,61.75
2008/10/8,54
2008/10/9,59.25
2008/10/10,59
2008/10/13,55
2008/10/14,57.75
2008/10/15,58.75
2008/10/16,58.75
2008/10/17,54
2008/10/20,43.75
2008/10/21,40.75
2008/10/22,41.43
2008/10/23,43.63
2008/10/24,47.25
2008/10/27,50.75
2008/10/28,53.78
2008/10/29,48
2008/10/30,49.23
2008/10/31,48.25
2008/11/3,53
2008/11/4,48.75
2008/11/5,41.25
2008/11/6,43.2
2008/11/7,41.75
2008/11/10,42
2008/11/11,42.5
2008/11/12,37.5
2008/11/13,32
2008/11/14,33.75
2008/11/17,32.75
2008/11/18,30.5
2008/11/19,26
2008/11/20,12.5
2008/11/21,21.75
2008/11/24,22
2008/11/25,14.5
2008/11/26,19.5
2008/11/27,19.5
2008/11/28,20.25
2008/12/1,21.25
2008/12/2,21.75
2008/12/3,28.5
2008/12/4,32.25
2008/12/5,31.25
2008/12/8,25.75
2008/12/9,30
2008/12/10,23.25
2008/12/11,20.5
2008/12/12,19.5
2008/12/15,22.25
2008/12/16,14.75
2008/12/17,18.75
2008/12/18,24.5
2008/12/19,27.5
2008/12/22,33.75
2008/12/23,34.25
2008/12/24,36.5
2008/12/25,35.88
2008/12/26,38.5
2008/12/29,37.45
2008/12/30,38.25
2008/12/31,35
2009/1/2,36.88
2009/1/5,33.25
2009/1/6,27.63
2009/1/7,20.75
2009/1/8,14.5
2009/1/9,14.5
2009/1/12,13.13
2009/1/13,16.5
2009/1/14,13.75
2009/1/15,16.75
2009/1/16,9.3
2009/1/19,10.8
2009/1/20,12.75
2009/1/21,11.38
2009/1/22,14.25
2009/1/23,15
2009/1/26,20
2009/1/27,21
2009/1/28,21
2009/1/29,23.5
2009/1/30,23.25
2009/2/2,22.75
2009/2/3,21.94
2009/2/4,23
2009/2/5,24.5
2009/2/6,23
2009/2/9,23
2009/2/10,26.5
2009/2/11,24.75
2009/2/12,22.5
2009/2/13,25
2009/2/16,24.75
2009/2/17,29.5
2009/2/18,27.75
2009/2/19,25
2009/2/20,25.25
2009/2/23,24.5
2009/2/24,25.25
2009/2/25,31.88
2009/2/26,30.75
2009/2/27,31.5
2009/3/2,33.25
2009/3/3,30.25
2009/3/4,29.25
2009/3/5,27.25
2009/3/6,25
2009/3/9,25
2009/3/10,23
2009/3/11,19.5
2009/3/12,18
2009/3/13,23.25
2009/3/16,21.25
2009/3/17,21.5
2009/3/18,29.75
2009/3/19,30.5
2009/3/20,31.75
2009/3/23,27.25
2009/3/24,24.25
2009/3/25,22
2009/3/26,19.75
2009/3/27,18.75
2009/3/30,17.75
2009/3/31,20
2009/4/1,20.5
2009/4/2,17.75
2009/4/3,18
2009/4/6,22
2009/4/7,22.5
2009/4/8,20.75
2009/4/9,19.25
2009/4/10,19.5
2009/4/13,20
2009/4/14,17.75
2009/4/15,16.25
2009/4/16,15.25
2009/4/17,17
2009/4/20,18.5
2009/4/21,16.13
2009/4/22,14.5
2009/4/23,13.75
2009/4/24,15
2009/4/27,14
2009/4/28,12
2009/4/29,11
2009/4/30,11.75
2009/5/1,14.75
2009/5/4,15.5
2009/5/5,13.75
2009/5/6,11.75
2009/5/7,12
2009/5/8,11.75
2009/5/11,12.25
2009/5/12,10
2009/5/13,8.75
2009/5/14,10.5
2009/5/15,9
2009/5/18,8.5
2009/5/19,7.75
2009/5/20,9.5
2009/5/21,11
2009/5/22,14.4
2009/5/25,14.1
2009/5/26,19.5
2009/5/27,33
2009/5/28,26.5
2009/5/29,19.25
2009/6/1,31.75
2009/6/2,32.75
2009/6/3,29.25
2009/6/4,33.5
2009/6/5,38
2009/6/8,43.5
2009/6/9,37.5
2009/6/10,39
2009/6/11,35.5
2009/6/12,27.75
2009/6/15,23.5
2009/6/16,21.38
2009/6/17,19.5
2009/6/18,26
2009/6/19,25.75
2009/6/22,25.25
2009/6/23,26
2009/6/24,23.5
2009/6/25,20.75
2009/6/26,20.25
2009/6/29,21.5
2009/6/30,24.75
2009/7/1,22.25
2009/7/2,21.5
2009/7/3,21.3
2009/7/6,20.25
2009/7/7,18.25
2009/7/8,16.25
2009/7/9,17.25
2009/7/10,17.75
2009/7/13,20
2009/7/14,21.75
2009/7/15,24.5
2009/7/16,22.5
2009/7/17,24
2009/7/20,23.75
2009/7/21,20.63
2009/7/22,20.25
2009/7/23,22.75
2009/7/24,22.5
2009/7/27,23
2009/7/28,22
2009/7/29,23.5
2009/7/30,24.5
2009/7/31,24.38
2009/8/3,26
2009/8/4,24.75
2009/8/5,27
2009/8/6,29.25
2009/8/7,32.25
2009/8/10,30.75
2009/8/11,27.75
2009/8/12,24.19
2009/8/13,22.75
2009/8/14,22
2009/8/17,20.75
2009/8/18,25.13
2009/8/19,26.25
2009/8/20,24.5
2009/8/21,26.81
2009/8/24,25.75
2009/8/25,25.25
2009/8/26,23.5
2009/8/27,23.25
2009/8/28,22.88
2009/8/31,21.75
2009/9/1,22.13
2009/9/2,20.75
2009/9/3,20
2009/9/4,20.5
2009/9/7,20.75
2009/9/8,19.25
2009/9/9,17.25
2009/9/10,17
2009/9/11,17.25
2009/9/14,19.25
2009/9/15,21.19
2009/9/16,20.38
2009/9/17,19.38
2009/9/18,20.18
2009/9/21,21.5
2009/9/22,21.25
2009/9/23,19.25
2009/9/24,18.44
2009/9/25,16.25
2009/9/28,14.5
2009/9/29,14.75
2009/9/30,15.25
2009/10/1,14.75
2009/10/2,16.25
2009/10/5,17
2009/10/6,17.5
2009/10/7,17.5
2009/10/8,15.5
2009/10/9,17.5
2009/10/12,17.5
2009/10/13,16.5
2009/10/14,16.75
2009/10/15,17.75
2009/10/16,18.75
2009/10/19,17.31
2009/10/20,17.06
2009/10/21,17.69
2009/10/22,17.75
2009/10/23,17.75
2009/10/26,19
2009/10/27,18
2009/10/28,16.81
2009/10/29,17
2009/10/30,18
2009/11/2,17.94
2009/11/3,17.75
2009/11/4,16.75
2009/11/5,16.5
2009/11/6,15.75
2009/11/9,14.81
2009/11/10,13.81
2009/11/11,13.75
2009/11/12,11.88
2009/11/13,11.44
2009/11/16,9.44
2009/11/17,9.25
2009/11/18,8.88
2009/11/19,11.25
2009/11/20,10.88
2009/11/23,10.94
2009/11/24,9.25
2009/11/25,8.5
2009/11/26,9.69
2009/11/27,9.56
2009/11/30,9.81
2009/12/1,11
2009/12/2,11
2009/12/3,12.19
2009/12/4,14.5
2009/12/7,14.56
2009/12/8,13.5
2009/12/9,12.5
2009/12/10,11.63
2009/12/11,12.25
2009/12/14,13
2009/12/15,14.56
2009/12/16,14.5
2009/12/17,13.5
2009/12/18,12.94
2009/12/21,15.5
2009/12/22,16.5
2009/12/23,15.25
2009/12/24,15.25
2009/12/25,15
2009/12/28,16
2009/12/29,14.75
2009/12/30,13.88
2009/12/31,13.25
2010/1/1,13.25
2010/1/4,11
2010/1/5,9.25
2010/1/6,10.25
2010/1/7,12
2010/1/8,10.5
2010/1/11,9.75
2010/1/12,10
2010/1/13,10.25
2010/1/14,10
2010/1/15,10.75
2010/1/18,9.94
2010/1/19,10
2010/1/20,10.25
2010/1/21,10.5
2010/1/22,12.56
2010/1/25,11.25
2010/1/26,11.75
2010/1/27,12
2010/1/28,11.94
2010/1/29,12.5
2010/2/1,12.25
2010/2/2,11.81
2010/2/3,10.81
2010/2/4,10.75
2010/2/5,10
2010/2/8,9.81
2010/2/9,9.75
2010/2/10,10.75
2010/2/11,9.5
2010/2/12,9.75
2010/2/15,9.75
2010/2/16,9.75
2010/2/17,9.75
2010/2/18,10.75
2010/2/19,10.5
2010/2/22,9.5
2010/2/23,9.5
2010/2/24,8.75
2010/2/25,7.75
2010/2/26,8.5
2010/3/1,7.75
2010/3/2,6.5
2010/3/3,4
2010/3/4,3
2010/3/5,4.5
2010/3/8,5
2010/3/9,3.75
2010/3/10,2.75
2010/3/11,3.75
2010/3/12,4.75
2010/3/15,3.75
2010/3/16,4.38
2010/3/17,3.5
2010/3/18,3.75
2010/3/19,4.25
2010/3/22,3
2010/3/23,-2.25
2010/3/24,-9.38
2010/3/25,-7.25
2010/3/26,-5.75
2010/3/29,-4.88
2010/3/30,-4.96
2010/3/31,-1.63
2010/4/1,0.31
2010/4/2,1.5
2010/4/5,2.75
2010/4/6,-2
2010/4/7,-2.75
2010/4/8,-2
2010/4/9,-1.5
2010/4/12,-4.13
2010/4/13,-5.25
2010/4/14,-4
2010/4/15,-3
2010/4/16,-2.75
2010/4/19,-1.5
2010/4/20,-1.25
2010/4/21,-1.5
2010/4/22,-0.5
2010/4/23,-0.19
2010/4/26,0.5
2010/4/27,0.88
2010/4/28,-0.75
2010/4/29,-1.75
2010/4/30,0.19
2010/5/3,1
2010/5/4,1
2010/5/5,1.19
2010/5/6,6.25
2010/5/7,4.75
2010/5/10,3.25
2010/5/11,4.5
2010/5/12,4
2010/5/13,3.94
2010/5/14,3.5
2010/5/17,4.25
2010/5/18,5.88
2010/5/19,5.75
2010/5/20,6
2010/5/21,4.75
2010/5/24,8.5
2010/5/25,9.25
2010/5/26,8.63
2010/5/27,9
2010/5/28,8.25
2010/5/31,8.25
2010/6/1,9.75
2010/6/2,9.5
2010/6/3,9.5
2010/6/4,11.25
2010/6/7,11.25
2010/6/8,10.5
2010/6/9,9.75
2010/6/10,9.5
2010/6/11,10
2010/6/14,8.5
2010/6/15,7.25
2010/6/16,6.75
2010/6/17,5.5
2010/6/18,5.25
2010/6/21,2.5
2010/6/22,3.81
2010/6/23,5.75
2010/6/24,7
2010/6/25,6.75
2010/6/28,5.5
2010/6/29,6
2010/6/30,7
2010/7/1,7.5
2010/7/2,8.25
2010/7/5,8.75
2010/7/6,7.75
2010/7/7,5.25
2010/7/8,5.25
2010/7/9,5.25
2010/7/12,5.5
2010/7/13,4
2010/7/14,3.75
2010/7/15,2
2010/7/16,2
2010/7/19,3
2010/7/20,2.25
2010/7/21,1.5
2010/7/22,0.5
2010/7/23,1.5
2010/7/26,0.5
2010/7/27,-0.75
2010/7/28,-2.25
2010/7/29,-2.75
2010/7/30,-1.25
2010/8/2,-4
2010/8/3,-3.75
2010/8/4,-2.75
2010/8/5,-1.19
2010/8/6,0.75
2010/8/9,-0.75
2010/8/10,0.06
2010/8/11,-0.13
2010/8/12,0.13
2010/8/13,-2.25
2010/8/16,-0.44
2010/8/17,-1
2010/8/18,1.75
2010/8/19,1.63
2010/8/20,2.06
2010/8/23,1.75
2010/8/24,2.5
2010/8/25,1.5
2010/8/26,1
2010/8/27,2.5
2010/8/30,1.5
2010/8/31,1.25
2010/9/1,0.31
2010/9/2,-0.31
2010/9/3,-2
2010/9/6,-1.88
2010/9/7,-4.25
2010/9/8,-3.56
2010/9/9,-2
2010/9/10,-1.5
2010/9/13,-2.13
2010/9/14,-2
2010/9/15,-0.75
2010/9/16,1.25
2010/9/17,1.75
2010/9/20,1.75
2010/9/21,2.25
2010/9/22,4
2010/9/23,4.25
2010/9/24,3.5
2010/9/27,3.25
2010/9/28,2.5
2010/9/29,3.5
2010/9/30,6
2010/10/1,7.75
2010/10/4,7.75
2010/10/5,9.5
2010/10/6,9.5
2010/10/7,9.5
2010/10/8,10.5
2010/10/11,10.38
2010/10/12,8.25
2010/10/13,7.75
2010/10/14,8.5
2010/10/15,7
2010/10/18,6.75
2010/10/19,6.25
2010/10/20,5.25
2010/10/21,6
2010/10/22,6.75
2010/10/25,8.25
2010/10/26,8.75
2010/10/27,8.25
2010/10/28,8
2010/10/29,8.25
2010/11/1,8.75
2010/11/2,10.38
2010/11/3,10.5
2010/11/4,14
2010/11/5,13.25
2010/11/8,13.75
2010/11/9,17
2010/11/10,15.25
2010/11/11,15.25
2010/11/12,14
2010/11/15,12.25
2010/11/16,14.69
2010/11/17,15.25
2010/11/18,14.5
2010/11/19,15.75
2010/11/22,14.75
2010/11/23,13.94
2010/11/24,14
2010/11/25,14
2010/11/26,15.75
2010/11/29,14.69
2010/11/30,16.57
2010/12/1,16.56
2010/12/2,17.25
2010/12/3,16.25
2010/12/6,15.75
2010/12/7,14.5
2010/12/8,11.94
2010/12/9,9.5
2010/12/10,11
2010/12/13,9.75
2010/12/14,10.31
2010/12/15,13.5
2010/12/16,11.63
2010/12/17,9.75
2010/12/20,8.75
2010/12/21,8.5
2010/12/22,8.5
2010/12/23,8.75
2010/12/24,8.75
2010/12/27,8
2010/12/28,7.5
2010/12/29,7.44
2010/12/30,8.25
2010/12/31,8.5
2011/1/3,7.19
2011/1/4,6.75
2011/1/5,8
2011/1/6,8.25
2011/1/7,8
2011/1/10,7.5
2011/1/11,7.25
2011/1/12,6.75
2011/1/13,6.5
2011/1/14,7.25
2011/1/17,7.25
2011/1/18,6.63
2011/1/19,6.81
2011/1/20,6.81
2011/1/21,7
2011/1/24,8
2011/1/25,8.75
2011/1/26,8.5
2011/1/27,8.75
2011/1/28,9.44
2011/1/31,10
2011/2/1,10.38
2011/2/2,10.5
2011/2/3,11.5
2011/2/4,10.25
2011/2/7,11.25
2011/2/8,11
2011/2/9,11.75
2011/2/10,11.75
2011/2/11,11.88
2011/2/14,11.25
2011/2/15,10.25
2011/2/16,10.06
2011/2/17,10
2011/2/18,10.25
2011/2/21,10.25
2011/2/22,11.88
2011/2/23,11.75
2011/2/24,11.81
2011/2/25,12.25
2011/2/28,11.81
2011/3/1,12
2011/3/2,12.5
2011/3/3,13.25
2011/3/4,12.13
2011/3/7,11
2011/3/8,9.94
2011/3/9,10
2011/3/10,11.38
2011/3/11,11.38
2011/3/14,11.88
2011/3/15,12
2011/3/16,11.19
2011/3/17,11.25
2011/3/18,10.13
2011/3/21,11.19
2011/3/22,11.25
2011/3/23,11.5
2011/3/24,11.5
2011/3/25,10.94
2011/3/28,11.25
2011/3/29,11
2011/3/30,10.13
2011/3/31,11
2011/4/1,10.37
2011/4/4,10.63
2011/4/5,11.25
2011/4/6,10.25
2011/4/7,9.75
2011/4/8,10
2011/4/11,9.69
2011/4/12,9.06
2011/4/13,8.5
2011/4/14,9.5
2011/4/15,8.69
2011/4/18,6.5
2011/4/19,7.5
2011/4/20,8
2011/4/21,8.01
2011/4/22,7.88
2011/4/25,7.94
2011/4/26,7.19
2011/4/27,7.5
2011/4/28,7.25
2011/4/29,7.75
2011/5/2,7.38
2011/5/3,8.19
2011/5/4,7.94
2011/5/5,8.88
2011/5/6,9.25
2011/5/9,8.5
2011/5/10,8.94
2011/5/11,9.25
2011/5/12,7.25
2011/5/13,7.94
2011/5/16,7.44
2011/5/17,7.25
2011/5/18,8.31
2011/5/19,9.06
2011/5/20,9.13
2011/5/23,9.5
2011/5/24,8.94
2011/5/25,9.31
2011/5/26,8.88
2011/5/27,9.75
2011/5/30,9.5
2011/5/31,10.06
2011/6/1,11.31
2011/6/2,11.94
2011/6/3,12.38
2011/6/6,12.81
2011/6/7,12.38
2011/6/8,11.75
2011/6/9,10.5
2011/6/10,10.69
2011/6/13,10.75
2011/6/14,10.5
2011/6/15,13
2011/6/16,15.69
2011/6/17,14.63
2011/6/20,14.25
2011/6/21,14.06
2011/6/22,11.63
2011/6/23,12.75
2011/6/24,14.5
2011/6/27,13.06
2011/6/28,11.88
2011/6/29,11.5
2011/6/30,11.94
2011/7/1,12
2011/7/4,11.75
2011/7/5,13
2011/7/6,13.69
2011/7/7,14
2011/7/8,14.25
2011/7/11,16.25
2011/7/12,16.25
2011/7/13,15.25
2011/7/14,13.75
2011/7/15,13.75
2011/7/18,11.75
2011/7/19,14.94
2011/7/20,13.56
2011/7/21,11.75
2011/7/22,9.75
2011/7/25,8.75
2011/7/26,9.5
2011/7/27,9.38
2011/7/28,10.75
2011/7/29,12.69
2011/8/1,11.63
2011/8/2,12.31
2011/8/3,12.06
2011/8/4,15.63
2011/8/5,16.88
2011/8/8,23.38
2011/8/9,21.56
2011/8/10,20.63
2011/8/11,15.75
2011/8/12,16.25
2011/8/15,14.25
2011/8/16,12.88
2011/8/17,11.13
2011/8/18,12
2011/8/19,13.75
2011/8/22,15.31
2011/8/23,15.56
2011/8/24,16.63
2011/8/25,18.75
2011/8/26,16.63
2011/8/29,15.88
2011/8/30,18.38
2011/8/31,17.81
2011/9/1,19.38
2011/9/2,20
2011/9/5,20
2011/9/6,20.75
2011/9/7,19.31
2011/9/8,19
2011/9/9,22.19
2011/9/12,21.69
2011/9/13,21.13
2011/9/14,20.19
2011/9/15,18.25
2011/9/16,18.88
2011/9/19,20.19
2011/9/20,20.25
2011/9/21,21.25
2011/9/22,19.06
2011/9/23,18.44
2011/9/26,18.37
2011/9/27,17.75
2011/9/28,17.37
2011/9/29,17.63
2011/9/30,19
2011/10/3,21.75
2011/10/4,23.38
2011/10/5,23.38
2011/10/6,20.88
2011/10/7,19.88
2011/10/10,20
2011/10/11,18.75
2011/10/12,16.13
2011/10/13,17.38
2011/10/14,18.63
2011/10/17,19.5
2011/10/18,19.84
2011/10/19,19.25
2011/10/20,19.25
2011/10/21,19.57
2011/10/24,19.38
2011/10/25,19.16
2011/10/26,19
2011/10/27,15.13
2011/10/28,14.53
2011/10/31,16.92
2011/11/1,17.75
2011/11/2,16.65
2011/11/3,16.63
2011/11/4,15.79
2011/11/7,16.17
2011/11/8,16.38
2011/11/9,20.02
2011/11/10,17
2011/11/11,17.5
2011/11/14,19
2011/11/15,19.38
2011/11/16,20.38
2011/11/17,19.56
2011/11/18,17.31
2011/11/21,18.25
2011/11/22,18.63
2011/11/23,20.88
2011/11/24,20.44
2011/11/25,19.5
2011/11/28,18.81
2011/11/29,17.63
2011/11/30,14.75
2011/12/1,16.75
2011/12/2,17.63
2011/12/5,14.44
2011/12/6,13.25
2011/12/7,13
2011/12/8,13.13
2011/12/9,12.5
2011/12/12,14.19
2011/12/13,14.44
2011/12/14,14.56
2011/12/15,16.19
2011/12/16,18.13
2011/12/19,18.63
2011/12/20,16.88
2011/12/21,16.13
2011/12/22,16.5
2011/12/23,16.5
2011/12/26,16.25
2011/12/27,16.13
2011/12/28,16.25
2011/12/29,16.5
2011/12/30,16.75
2012/1/2,16.75
2012/1/3,15.69
2012/1/4,13.69
2012/1/5,13.56
2012/1/6,13.75
2012/1/9,13.94
2012/1/10,13.63
2012/1/11,14.31
2012/1/12,13.75
2012/1/13,14.75
2012/1/16,14.75
2012/1/17,13.88
2012/1/18,13.38
2012/1/19,12.75
2012/1/20,12.81
2012/1/23,11.94
2012/1/24,11.5
2012/1/25,10.63
2012/1/26,10.75
2012/1/27,11.75
2012/1/30,12.5
2012/1/31,11.69
2012/2/1,10
2012/2/2,10.25
2012/2/3,10.75
2012/2/6,10.94
2012/2/7,11.25
2012/2/8,11.75
2012/2/9,8.06
2012/2/10,8.63
2012/2/13,8.25
2012/2/14,7.94
2012/2/15,8
2012/2/16,7.63
2012/2/17,8
2012/2/20,8
2012/2/21,8.75
2012/2/22,8.75
2012/2/23,9.5
2012/2/24,10.5
2012/2/27,10.31
2012/2/28,9.44
2012/2/29,9
2012/3/1,8.69
2012/3/2,8.63
2012/3/5,7.69
2012/3/6,8.38
2012/3/7,8.31
2012/3/8,8
2012/3/9,7.69
2012/3/12,6.69
2012/3/13,6.69
2012/3/14,5.19
2012/3/15,6.38
2012/3/16,5.94
2012/3/19,7.25
2012/3/20,8.19
2012/3/21,7.25
2012/3/22,7.25
2012/3/23,7.56
2012/3/26,7
2012/3/27,5.75
2012/3/28,6.56
2012/3/29,7
2012/3/30,7.69
2012/4/2,8.75
2012/4/3,8.81
2012/4/4,10
2012/4/5,10.69
2012/4/6,9.31
2012/4/9,9.31
2012/4/10,11.44
2012/4/11,10.63
2012/4/12,10.44
2012/4/13,11.5
2012/4/16,11
2012/4/17,10.75
2012/4/18,11
2012/4/19,11.75
2012/4/20,11.44
2012/4/23,12.56
2012/4/24,12.63
2012/4/25,12.13
2012/4/26,13.06
2012/4/27,13
2012/4/30,12.63
2012/5/1,12.81
2012/5/2,12.63
2012/5/3,12.88
2012/5/4,14
2012/5/7,13.75
2012/5/8,15.13
2012/5/9,16.25
2012/5/10,14
2012/5/11,15
2012/5/14,16
2012/5/15,15.5
2012/5/16,13.81
2012/5/17,13.25
2012/5/18,12.38
2012/5/21,12.38
2012/5/22,13.25
2012/5/23,14
2012/5/24,14.31
2012/5/25,15
2012/5/28,15
2012/5/29,14.75
2012/5/30,16.25
2012/5/31,17.88
2012/6/1,21.88
2012/6/4,21.25
2012/6/5,19.5
2012/6/6,16.81
2012/6/7,18.31
2012/6/8,19.13
2012/6/11,18.88
2012/6/12,16.63
2012/6/13,16.5
2012/6/14,15.75
2012/6/15,15
2012/6/18,15.5
2012/6/19,15.56
2012/6/20,14.94
2012/6/21,16
2012/6/22,13.5
2012/6/25,13.75
2012/6/26,13.5
2012/6/27,13.31
2012/6/28,13.5
2012/6/29,12.75
2012/7/2,15
2012/7/3,14.25
2012/7/4,14
2012/7/5,15.06
2012/7/6,15.13
2012/7/9,14
2012/7/10,13.5
2012/7/11,12.56
2012/7/12,12
2012/7/13,12.75
2012/7/16,14.5
2012/7/17,14.75
2012/7/18,13.75
2012/7/19,13
2012/7/20,13.5
2012/7/23,13.75
2012/7/24,14.25
2012/7/25,13.94
2012/7/26,13.5
2012/7/27,12.25
2012/7/30,11.75
2012/7/31,12.13
2012/8/1,13.38
2012/8/2,15.75
2012/8/3,15
2012/8/6,14.25
2012/8/7,14.13
2012/8/8,13.75
2012/8/9,11
2012/8/10,11
2012/8/13,10.5
2012/8/14,10.25
2012/8/15,11.5
2012/8/16,11.88
2012/8/17,11.13
2012/8/20,10.75
2012/8/21,10.75
2012/8/22,10.25
2012/8/23,10.5
2012/8/24,10.5
2012/8/27,9.75
2012/8/28,9.06
2012/8/29,9.75
2012/8/30,10.75
2012/8/31,11
2012/9/3,11.25
2012/9/4,10.19
2012/9/5,9.88
2012/9/6,10.5
2012/9/7,10.63
2012/9/10,10
2012/9/11,9.75
2012/9/12,9
2012/9/13,6.5
2012/9/14,2.75
2012/9/17,3.75
2012/9/18,3.75
2012/9/19,2
2012/9/20,0.75
2012/9/21,1.38
2012/9/24,1.75
2012/9/25,3.31
2012/9/26,5.5
2012/9/27,5.5
2012/9/28,6.88
2012/10/1,7.5
2012/10/2,7.81
2012/10/3,6.75
2012/10/4,7.63
2012/10/5,6.38
2012/10/8,6.5
2012/10/9,5.69
2012/10/10,5.5
2012/10/11,4.69
2012/10/12,5.5
2012/10/15,5.63
2012/10/16,3.88
2012/10/17,3.06
2012/10/18,3
2012/10/19,3.13
2012/10/22,3.13
2012/10/23,4.5
2012/10/24,3
2012/10/25,4
2012/10/26,4
2012/10/29,4.13
2012/10/30,4.25
2012/10/31,4.63
2012/11/1,4.25
2012/11/2,3.06
2012/11/5,3.4
2012/11/6,4.21
2012/11/7,4.63
2012/11/8,1.88
2012/11/9,3.75
2012/11/12,3.75
2012/11/13,4.54
2012/11/14,3.56
2012/11/15,4.46
2012/11/16,4.75
2012/11/19,4.5
2012/11/20,4.06
2012/11/21,3.5
2012/11/22,3.75
2012/11/23,3.75
2012/11/26,3.88
2012/11/27,3.16
2012/11/28,4
2012/11/29,4.25
2012/11/30,4.88
2012/12/3,4.5
2012/12/4,5
2012/12/5,5.25
2012/12/6,5.75
2012/12/7,5.5
2012/12/10,5.75
2012/12/11,4.75
2012/12/12,4.5
2012/12/13,4.5
2012/12/14,5.25
2012/12/17,5
2012/12/18,5
2012/12/19,4.75
2012/12/20,5
2012/12/21,5.75
2012/12/24,5.75
2012/12/25,5.75
2012/12/26,6
2012/12/27,6.25
2012/12/28,6
2012/12/31,5.88
2013/1/1,6.5
2013/1/2,4
2013/1/3,3.25
2013/1/4,2.75
2013/1/7,2.75
2013/1/8,2.25
2013/1/9,2.75
2013/1/10,2.75
2013/1/11,3.25
2013/1/14,3
2013/1/15,3.25
2013/1/16,3.5
2013/1/17,4.5
2013/1/18,5.25
2013/1/21,5.25
2013/1/22,5.25
2013/1/23,5.5
2013/1/24,5.75
2013/1/25,6.25
2013/1/28,6
2013/1/29,6.25
2013/1/30,7.25
2013/1/31,7.75
2013/2/1,8.5
2013/2/4,9
2013/2/5,8.75
2013/2/6,8.5
2013/2/7,8.5
2013/2/8,8.25
2013/2/11,8.5
2013/2/12,8.75
2013/2/13,9
2013/2/14,6.75
2013/2/15,6.75
2013/2/18,6.75
2013/2/19,7.25
2013/2/20,7.5
2013/2/21,7.5
2013/2/22,7.75
2013/2/25,7.75
2013/2/26,8.75
2013/2/27,9
2013/2/28,9
2013/3/1,9.25
2013/3/4,8.5
2013/3/5,8
2013/3/6,8
2013/3/7,8
2013/3/8,8.5
2013/3/11,8.25
2013/3/12,8.5
2013/3/13,8.25
2013/3/14,9
2013/3/15,9.19
2013/3/18,10.25
2013/3/19,11.25
2013/3/20,11.75
2013/3/21,12.5
2013/3/22,13.25
2013/3/25,13.75
2013/3/26,15.5
2013/3/27,15.75
2013/3/28,16
2013/3/29,16
2013/4/1,15.75
2013/4/2,15.5
2013/4/3,16
2013/4/4,16.75
2013/4/5,17.25
2013/4/8,19
2013/4/9,17.75
2013/4/10,16.75
2013/4/11,16.75
2013/4/12,17.5
2013/4/15,17.25
2013/4/16,17.25
2013/4/17,16.75
2013/4/18,16.5
2013/4/19,16.75
2013/4/22,17.25
2013/4/23,18.5
2013/4/24,17.5
2013/4/25,17.5
2013/4/26,18
2013/4/29,17.25
2013/4/30,17.5
2013/5/1,19.06
2013/5/2,18.31
2013/5/3,17.94
2013/5/6,18
2013/5/7,17.75
2013/5/8,18.25
2013/5/9,14.75
2013/5/10,14.44
2013/5/13,14.25
2013/5/14,14.19
2013/5/15,13.5
2013/5/16,12.75
2013/5/17,13.5
2013/5/20,13.25
2013/5/21,12.5
2013/5/22,13
2013/5/23,13.81
2013/5/24,15.06
2013/5/28,16.69
2013/5/29,16
2013/5/30,16.75
2013/5/31,17.5
2013/6/3,18.25
2013/6/4,19.5
2013/6/5,19.25
2013/6/6,19.25
2013/6/7,19.5
2013/6/10,20.75
2013/6/11,19.75
2013/6/12,19.5
2013/6/13,17.75
2013/6/14,17.75
2013/6/17,17.5
2013/6/18,18.25
2013/6/19,20.75
2013/6/20,22.69
2013/6/21,23
2013/6/24,22.5
2013/6/25,22.25
2013/6/26,21.56
2013/6/27,20.31
2013/6/28,21
2013/7/1,21.75
2013/7/2,22.25
2013/7/3,23
2013/7/4,23
2013/7/5,25.5
2013/7/8,24.5
2013/7/9,22.69
2013/7/10,21.5
2013/7/11,21.62
2013/7/12,22.25
2013/7/15,21.75
2013/7/16,21.25
2013/7/17,20.5
2013/7/18,20.25
2013/7/19,20.81
2013/7/22,20.75
2013/7/23,20.1
2013/7/24,19.5
2013/7/25,20
2013/7/26,19.94
2013/7/29,19.25
2013/7/30,19
2013/7/31,19.25
2013/8/1,18.75
2013/8/2,17.5
2013/8/5,17.5
2013/8/6,18.5
2013/8/7,18.25
2013/8/8,17.56
2013/8/9,16.75
2013/8/12,17.06
2013/8/13,17.06
2013/8/14,16.5
2013/8/15,16.25
2013/8/16,16.75
2013/8/19,18
2013/8/20,18.5
2013/8/21,19
2013/8/22,20
2013/8/23,19.25
2013/8/26,18.5
2013/8/27,18.5
2013/8/28,19
2013/8/29,18.75
2013/8/30,19.75
2013/9/2,19.75
2013/9/3,17.5
2013/9/4,17.94
2013/9/5,19
2013/9/6,18.25
2013/9/9,17.1
2013/9/10,16
2013/9/11,16.25
2013/9/12,15.75
2013/9/13,16.3
2013/9/16,15.5
2013/9/17,15
2013/9/18,15.25
2013/9/19,15.5
2013/9/20,15.75
2013/9/23,15
2013/9/24,15.25
2013/9/25,15
2013/9/26,15.06
2013/9/27,15.5
2013/9/30,15.5
2013/10/1,15.65
2013/10/2,16.5
2013/10/3,16.5
2013/10/4,16.5
2013/10/7,15.75
2013/10/8,14.25
2013/10/9,14.5
2013/10/10,13.5
2013/10/11,13.25
2013/10/14,13.25
2013/10/15,13
2013/10/16,13.5
2013/10/17,14
2013/10/18,14.5
2013/10/21,14.19
2013/10/22,14.5
2013/10/23,14.94
2013/10/24,15.25
2013/10/25,15.25
2013/10/28,14.75
2013/10/29,14.75
2013/10/30,14.25
2013/10/31,14.56
2013/11/1,14.25
2013/11/4,14.38
2013/11/5,14.25
2013/11/6,13.25
2013/11/7,13.5
2013/11/8,12.5
2013/11/12,12.25
2013/11/13,11.06
2013/11/14,8.5
2013/11/15,6.25
2013/11/18,6
2013/11/19,5
2013/11/20,4.13
2013/11/21,4.5
2013/11/22,6.63
2013/11/25,6.5
2013/11/26,7.5
2013/11/27,8.06
2013/11/28,8
2013/11/29,8.75
2013/12/2,9
2013/12/3,9
2013/12/4,7
2013/12/5,7
2013/12/6,6.5
2013/12/9,5.75
2013/12/10,6.75
2013/12/11,6.25
2013/12/12,6.13
2013/12/13,6
2013/12/16,5.75
2013/12/17,5.25
2013/12/18,5.5
2013/12/19,6.5
2013/12/20,6.25
2013/12/23,6.75
2013/12/24,7
2013/12/25,7
2013/12/26,6.5
2013/12/27,5.5
2013/12/30,6
2013/12/31,6.5
2014/1/1,6.5
2014/1/2,7
2014/1/3,7
2014/1/6,6.75
2014/1/7,7.06
2014/1/8,7.5
2014/1/9,8.5
2014/1/10,9.25
2014/1/13,8.25
2014/1/14,9.25
2014/1/15,9.75
2014/1/16,11
2014/1/17,11
2014/1/20,11
2014/1/21,10.25
2014/1/22,11
2014/1/23,12.06
2014/1/24,12.31
2014/1/27,12.19
2014/1/28,12.75
2014/1/29,13.75
2014/1/30,13.5
2014/1/31,14
2014/2/3,14.25
2014/2/4,14.25
2014/2/5,14
2014/2/6,13.75
2014/2/7,13
2014/2/10,12.25
2014/2/11,12.5
2014/2/12,12.5
2014/2/13,10.25
2014/2/14,10.75
2014/2/17,10.75
2014/2/18,11
2014/2/19,10.94
2014/2/20,10.5
2014/2/21,9.75
2014/2/24,9.5
2014/2/25,9.31
2014/2/26,9.75
2014/2/27,10.75
2014/2/28,11.25
2014/3/3,12.31
2014/3/4,11.25
2014/3/5,10.75
2014/3/6,11
2014/3/7,10.5
2014/3/10,10
2014/3/11,10
2014/3/12,10.25
2014/3/13,11
2014/3/14,11.38
2014/3/17,11.5
2014/3/18,11.5
2014/3/19,11.75
2014/3/20,12
2014/3/21,11.56
2014/3/24,11.75
2014/3/25,12
2014/3/26,12
2014/3/27,12.06
2014/3/28,12
2014/3/31,12.25
2014/4/1,12.44
2014/4/2,11.75
2014/4/3,12.13
2014/4/4,11.75
2014/4/7,11.88
2014/4/8,11.69
2014/4/9,11.25
2014/4/10,12
2014/4/11,11.75
2014/4/14,11.75
2014/4/15,12.25
2014/4/16,12.75
2014/4/17,12.06
2014/4/18,12
2014/4/21,11
2014/4/22,10.75
2014/4/23,10.5
2014/4/24,10.81
2014/4/25,10.94
2014/4/28,10.44
2014/4/29,10
2014/4/30,10.75
2014/5/1,11.75
2014/5/2,11.88
2014/5/5,12.25
2014/5/6,11.75
2014/5/7,10.75
2014/5/8,7.75
2014/5/9,8.25
2014/5/12,8
2014/5/13,8.5
2014/5/14,9
2014/5/15,9.5
2014/5/16,10
2014/5/19,10.06
2014/5/20,10
2014/5/21,9.31
2014/5/22,9.5
2014/5/23,9.25
2014/5/26,9.25
2014/5/27,9.25
2014/5/28,9.5
2014/5/29,10.06
2014/5/30,10.88
2014/6/2,11
2014/6/3,11.06
2014/6/4,11.75
2014/6/5,12
2014/6/6,11.75
2014/6/9,11.75
2014/6/10,11.5
2014/6/11,10.5
2014/6/12,10.31
2014/6/13,10
2014/6/16,10.25
2014/6/17,9.25
2014/6/18,9.5
2014/6/19,9
2014/6/20,8.75
2014/6/23,9
2014/6/24,9.75
2014/6/25,10.06
2014/6/26,10.69
2014/6/27,10.5
2014/6/30,9.75
2014/7/1,10.06
2014/7/2,10.25
2014/7/3,9.75
2014/7/4,9.5
2014/7/7,9.75
2014/7/8,9.69
2014/7/9,9.75
2014/7/10,11.25
2014/7/11,11.25
2014/7/14,11
2014/7/15,10.94
2014/7/16,11
2014/7/17,12.25
2014/7/18,11.56
2014/7/21,11.79
2014/7/22,12.5
2014/7/23,12.31
2014/7/24,12.25
2014/7/25,12.25
2014/7/28,12.5
2014/7/29,12.94
2014/7/30,12.94
2014/7/31,14
2014/8/1,14.06
2014/8/4,14.06
2014/8/5,14.31
2014/8/6,14.56
2014/8/7,15.25
2014/8/8,15.81
2014/8/11,15.88
2014/8/12,15.44
2014/8/13,15
2014/8/14,14.25
2014/8/15,15
2014/8/18,15
2014/8/19,15.5
2014/8/20,15.25
2014/8/21,15
2014/8/22,14.88
2014/8/25,14
2014/8/26,14
2014/8/27,14.63
2014/8/28,15.38
2014/8/29,15.25
2014/9/1,15.25
2014/9/2,13
2014/9/3,11.81
2014/9/4,12.25
2014/9/5,12
2014/9/8,12.25
2014/9/9,12.75
2014/9/10,13.5
2014/9/11,13.5
2014/9/12,13.31
2014/9/15,14
2014/9/16,14.25
2014/9/17,13.75
2014/9/18,13.63
2014/9/19,13.25
2014/9/22,12.06
2014/9/23,12.25
2014/9/24,12.5
2014/9/25,13.31
2014/9/26,12.63
2014/9/29,14.5
2014/9/30,14.88
2014/10/1,15.25
2014/10/2,15
2014/10/3,15.75
2014/10/6,15.63
2014/10/7,16.13
2014/10/8,14.75
2014/10/9,13.75
2014/10/10,13.63
2014/10/14,14.75
2014/10/15,15.63
2014/10/16,16.5
2014/10/17,15.63
2014/10/20,14.25
2014/10/21,14
2014/10/22,13.31
2014/10/23,14.13
2014/10/24,14.5
2014/10/27,14.5
2014/10/28,14.13
2014/10/29,14.06
2014/10/30,14.19
2014/10/31,14.5
2014/11/3,13.94
2014/11/4,14.06
2014/11/5,14.63
2014/11/6,14.25
2014/11/7,13.88
2014/11/10,13.25
2014/11/11,13.31
2014/11/12,12.88
2014/11/13,12.19
2014/11/14,12.5
2014/11/17,12.38
2014/11/18,12
2014/11/19,12
2014/11/20,12.25
2014/11/21,12.06
2014/11/24,12.25
2014/11/25,12.5
2014/11/26,12.75
2014/11/27,12.75
2014/11/28,13.25
2014/12/1,13.06
2014/12/2,12.81
2014/12/3,12.94
2014/12/4,11.94
2014/12/5,11.31
2014/12/8,11.88
2014/12/9,11.75
2014/12/10,11.69
2014/12/11,12.63
2014/12/12,12.63
2014/12/15,12.88
2014/12/16,12.88
2014/12/17,12.38
2014/12/18,12.63
2014/12/19,13
2014/12/22,12.88
2014/12/23,12.5
2014/12/24,12.38
2014/12/25,12.5
2014/12/26,11.75
2014/12/29,11.25
2014/12/30,11.06
2014/12/31,11.5
2015/1/1,11.5
2015/1/2,11.38
2015/1/5,11.13
2015/1/6,10.38
2015/1/7,11.63
2015/1/8,11.88
2015/1/9,11.88
2015/1/12,11.75
2015/1/13,11.19
2015/1/14,11.13
2015/1/15,11.69
2015/1/16,11.63
2015/1/19,11.5
2015/1/20,12.88
2015/1/21,13.25
2015/1/22,13.5
2015/1/23,14.25
2015/1/26,14.38
2015/1/27,14.69
2015/1/28,14.13
2015/1/29,13.56
2015/1/30,14.5
2015/2/2,13.5
2015/2/3,14
2015/2/4,14
2015/2/5,13.63
2015/2/6,13.75
2015/2/9,13.81
2015/2/10,13.63
2015/2/11,13.13
2015/2/12,13.13
2015/2/13,12.63
2015/2/16,12.5
2015/2/17,12.69
2015/2/18,13
2015/2/19,13.12
2015/2/20,13
2015/2/23,13.44
2015/2/24,13.5
2015/2/25,13.19
2015/2/26,12.75
2015/2/27,12.6
2015/3/2,12.31
2015/3/3,12.13
2015/3/4,12.13
2015/3/5,12.25
2015/3/6,11.38
2015/3/9,10.5
2015/3/10,11.44
2015/3/11,11.75
2015/3/12,11.25
2015/3/13,11.25
2015/3/16,10.75
2015/3/17,10.25
2015/3/18,8.5
2015/3/19,8.24
2015/3/20,9.75
2015/3/23,9.37
2015/3/24,9.44
2015/3/25,9.25
2015/3/26,9.5
2015/3/27,9.02
2015/3/30,9.25
2015/3/31,10.06
2015/4/1,10.63
2015/4/2,10.38
2015/4/3,11.25
2015/4/6,11.15
2015/4/7,10.25
2015/4/8,9.25
2015/4/9,9.5
2015/4/10,9.44
2015/4/13,8.38
2015/4/14,8.25
2015/4/15,8.56
2015/4/16,8.75
2015/4/17,9
2015/4/20,8.38
2015/4/21,7.69
2015/4/22,7.81
2015/4/23,7
2015/4/24,7.69
2015/4/27,8.19
2015/4/28,8
2015/4/29,7.75
2015/4/30,9
2015/5/1,8.88
2015/5/4,9.06
2015/5/5,8.5
2015/5/6,8.13
2015/5/7,7.81
2015/5/8,7.5
2015/5/11,6.86
2015/5/12,6.75
2015/5/13,5.69
2015/5/14,5.5
2015/5/15,5.5
2015/5/18,5.81
2015/5/19,4.5
2015/5/20,4.38
2015/5/21,5.81
2015/5/22,6.63
2015/5/25,6.75
2015/5/26,8
2015/5/27,7.75
2015/5/28,8.38
2015/5/29,9.31
2015/6/1,8.19
2015/6/2,7.56
2015/6/3,8
2015/6/4,8.31
2015/6/5,8.38
2015/6/8,7.69
2015/6/9,7.69
2015/6/10,7.69
2015/6/11,7.81
2015/6/12,7.88
2015/6/15,7.94
2015/6/16,8.75
2015/6/17,8.13
2015/6/18,8.06
2015/6/19,8.11
2015/6/22,8
2015/6/23,8.56
2015/6/24,9.19
2015/6/25,9.81
2015/6/26,8.88
2015/6/29,10.75
2015/6/30,11
2015/7/1,10
2015/7/2,11
2015/7/3,11
2015/7/6,12.13
2015/7/7,12.19
2015/7/8,11.81
2015/7/9,10.25
2015/7/10,9.31
2015/7/13,8.87
2015/7/14,7.94
2015/7/15,8.25
2015/7/16,8.31
2015/7/17,9
2015/7/20,8.5
2015/7/21,8.44
2015/7/22,8.75
2015/7/23,8.44
2015/7/24,8.38
2015/7/27,8.38
2015/7/28,8.13
2015/7/29,8
2015/7/30,8.49
2015/7/31,8.56
2015/8/3,8.56
2015/8/4,8.75
2015/8/5,8.81
2015/8/6,9.06
2015/8/7,9.13
2015/8/10,8.19
2015/8/11,8.5
2015/8/12,8.25
2015/8/13,7.63
2015/8/14,7.38
2015/8/17,7.41
2015/8/18,7.2
2015/8/19,7.81
2015/8/20,8.13
2015/8/21,7.69
2015/8/24,7
2015/8/25,6.44
2015/8/26,5.31
2015/8/27,6.75
2015/8/28,5.75
2015/8/31,5.5
2015/9/1,4
2015/9/2,4.88
2015/9/3,5.94
2015/9/4,4.75
2015/9/7,4.75
2015/9/8,2.75
2015/9/9,1
2015/9/10,1.4
2015/9/11,2.44
2015/9/14,3.1
2015/9/15,1.94
2015/9/16,1.25
2015/9/17,1.88
2015/9/18,3.06
2015/9/21,0.32
2015/9/22,0.4
2015/9/23,-0.13
2015/9/24,-0.25
2015/9/25,-2
2015/9/28,-3.99
2015/9/29,-5.5
2015/9/30,-3.5
2015/10/1,-1.31
2015/10/2,-1.25
2015/10/5,-0.5
2015/10/6,-1.13
2015/10/7,-1.81
2015/10/8,-1.63
2015/10/9,-1.75
2015/10/12,-1.75
2015/10/13,-3.25
2015/10/14,-6.25
2015/10/15,-4.81
2015/10/16,-3.63
2015/10/19,-3.25
2015/10/20,-3.63
2015/10/21,-3.38
2015/10/22,-3.25
2015/10/23,-5
2015/10/26,-6.44
2015/10/27,-6.25
2015/10/28,-6.88
2015/10/29,-7.75
2015/10/30,-8.25
2015/11/2,-8.25
2015/11/3,-9.44
2015/11/4,-12.25
2015/11/5,-11.75
2015/11/6,-10.25
2015/11/9,-10.41
2015/11/10,-10.75
2015/11/11,-10.75
2015/11/12,-11
2015/11/13,-11.75
2015/11/16,-11.81
2015/11/17,-13.13
2015/11/18,-14.25
2015/11/19,-16.75
2015/11/20,-17.14
2015/11/23,-13.94
2015/11/24,-13.25
2015/11/25,-13.75
2015/11/26,-13.25
2015/11/27,-13.63
2015/11/30,-14
2015/12/1,-12.5
2015/12/2,-11.25
2015/12/3,-12
2015/12/4,-11
2015/12/7,-10.53
2015/12/8,-10.5
2015/12/9,-10
2015/12/10,-7.03
2015/12/11,-5
2015/12/14,-9.75
2015/12/15,-9.75
2015/12/16,-9
2015/12/17,-7.75
2015/12/18,-5.88
2015/12/21,-5.5
2015/12/22,-6.18
2015/12/23,-6.81
2015/12/24,-7
2015/12/28,-6.5
2015/12/29,-7.63
2015/12/30,-8.06
2015/12/31,-8.63
2016/1/1,-8.5
2016/1/4,-7.19
2016/1/5,-9.31
2016/1/6,-9.31
2016/1/7,-10.31
2016/1/8,-13.19
2016/1/11,-15.19
2016/1/12,-15
2016/1/13,-14.75
2016/1/14,-15.73
2016/1/15,-14.75
2016/1/18,-14.75
2016/1/19,-15.06
2016/1/20,-13.75
2016/1/21,-12.94
2016/1/22,-13.73
2016/1/25,-13
2016/1/26,-13.44
2016/1/27,-11.98
2016/1/28,-11.75
2016/1/29,-12.75
2016/2/1,-12.44
2016/2/2,-12.5
2016/2/3,-14.19
2016/2/4,-10.25
2016/2/5,-8.5
2016/2/8,-7.5
2016/2/9,-10.06
2016/2/10,-13
2016/2/11,-17.25
2016/2/12,-14.75
2016/2/15,-14.75
2016/2/16,-15.75
2016/2/17,-14.75
2016/2/18,-14.25
2016/2/19,-14.03
2016/2/22,-14.56
2016/2/23,-15.5
2016/2/24,-15.75
2016/2/25,-16.75
2016/2/26,-17.06
2016/2/29,-16.19
2016/3/1,-16.75
2016/3/2,-16
2016/3/3,-15.25
2016/3/4,-15
2016/3/7,-15.25
2016/3/8,-15.25
2016/3/9,-16.25
2016/3/10,-16.56
2016/3/11,-15.69
2016/3/14,-15.75
2016/3/15,-15
2016/3/16,-16.31
2016/3/17,-16.19
2016/3/18,-16.69
2016/3/21,-16.12
2016/3/22,-15.5
2016/3/23,-14.31
2016/3/24,-13.5
2016/3/25,-13.5
2016/3/28,-12.75
2016/3/29,-12.75
2016/3/30,-14.25
2016/3/31,-13.13
2016/4/1,-12.13
2016/4/4,-12.75
2016/4/5,-12.9
2016/4/6,-12.75
2016/4/7,-13
2016/4/8,-11.5
2016/4/11,-12.35
2016/4/12,-13.75
2016/4/13,-14
2016/4/14,-14.25
2016/4/15,-14.5
2016/4/18,-14.6
2016/4/19,-14
2016/4/20,-13.38
2016/4/21,-14.13
2016/4/22,-13.75
2016/4/25,-13.75
2016/4/26,-14
2016/4/27,-12.81
2016/4/28,-12.25
2016/4/29,-11.88
2016/5/2,-11.63
2016/5/3,-11.9
2016/5/4,-13
2016/5/5,-14.38
2016/5/6,-15
2016/5/9,-16
2016/5/10,-16
2016/5/11,-15.63
2016/5/12,-13.88
2016/5/13,-13
2016/5/16,-13.5
2016/5/17,-13.13
2016/5/18,-14.9
2016/5/19,-14.13
2016/5/20,-14.1
2016/5/23,-14
2016/5/24,-14.25
2016/5/25,-14.5
2016/5/26,-14
2016/5/27,-14
2016/5/31,-14.35
2016/6/1,-13.75
2016/6/2,-12.75
2016/6/3,-13.38
2016/6/6,-12
2016/6/7,-13
2016/6/8,-13.1
2016/6/9,-13
2016/6/10,-12.5
2016/6/13,-12.88
2016/6/14,-12.88
2016/6/15,-12.63
2016/6/16,-13.13
2016/6/17,-12.13
2016/6/20,-12.25
2016/6/21,-12
2016/6/22,-12.13
2016/6/23,-12
2016/6/24,-12.25
2016/6/27,-12.5
2016/6/28,-11.88
2016/6/29,-11.5
2016/6/30,-10.63
2016/7/1,-9.75
2016/7/5,-8.13
2016/7/6,-9.25
2016/7/7,-10
2016/7/8,-11.25
2016/7/11,-11.13
2016/7/12,-12.13
2016/7/13,-14.25
2016/7/14,-14.63
2016/7/15,-14.25
2016/7/18,-14.5
2016/7/19,-13
2016/7/20,-12.25
2016/7/21,-8.63
2016/7/22,-8.75
2016/7/25,-8.75
2016/7/26,-9.75
2016/7/27,-9.5
2016/7/28,-10.5
2016/7/29,-10.25
2016/8/1,-10.5
2016/8/2,-10.75
2016/8/3,-10.75
2016/8/4,-10.63
2016/8/5,-11
2016/8/8,-10.5
2016/8/9,-11
2016/8/10,-11.13
2016/8/11,-11.75
2016/8/12,-11.5
2016/8/15,-12.25
2016/8/16,-13.75
2016/8/17,-12.75
2016/8/18,-12.38
2016/8/19,-13.75
2016/8/22,-14.25
2016/8/23,-14.5
2016/8/24,-15
2016/8/25,-14
2016/8/26,-14.25
2016/8/29,-14.5
2016/8/30,-14
2016/8/31,-13.38
2016/9/1,-13
2016/9/2,-14
2016/9/6,-14.5
2016/9/7,-15
2016/9/8,-15.25
2016/9/9,-15.25
2016/9/12,-15.63
2016/9/13,-16.37
2016/9/14,-17
2016/9/15,-17
2016/9/16,-16.88
2016/9/19,-16.63
2016/9/20,-15.63
2016/9/21,-14.88
2016/9/22,-16
2016/9/23,-15.63
2016/9/26,-15.75
2016/9/27,-15
2016/9/28,-15
2016/9/29,-14
2016/9/30,-14
2016/10/3,-14.5
2016/10/4,-15
2016/10/5,-15.25
2016/10/6,-15.5
2016/10/7,-16.25
2016/10/11,-16
2016/10/12,-16.5
2016/10/13,-16.5
2016/10/14,-17
2016/10/17,-16.87
2016/10/18,-16.75
2016/10/19,-16.88
2016/10/20,-16.13
2016/10/21,-16.13
2016/10/24,-16.38
2016/10/25,-16
2016/10/26,-14.88
2016/10/27,-14.75
2016/10/28,-14
2016/10/31,-14.25
2016/11/1,-14.13
2016/11/2,-14
2016/11/3,-14.13
2016/11/4,-13.75
2016/11/7,-13.63
2016/11/8,-13.5
2016/11/9,-13.13
2016/11/10,-13.19
2016/11/14,-12.63
2016/11/15,-13.56
2016/11/16,-14.25
2016/11/17,-15.38
2016/11/18,-15.13
2016/11/21,-16.75
2016/11/22,-18
2016/11/23,-18
2016/11/24,-18
2016/11/25,-17.25
2016/11/28,-16.63
2016/11/29,-16.75
2016/11/30,-16.81
2016/12/1,-16.3
2016/12/2,-15.88
2016/12/5,-15.5
2016/12/6,-14.5
2016/12/7,-15.06
2016/12/8,-13.75
2016/12/9,-13.38
2016/12/12,-13
2016/12/13,-14.13
2016/12/14,-12.63
2016/12/15,-10.13
2016/12/16,-9.5
2016/12/19,-9.25
2016/12/20,-9.75
2016/12/21,-9.75
2016/12/22,-10.25
2016/12/23,-10.13
2016/12/27,-10.88
2016/12/28,-10.5
2016/12/29,-10.5
2016/12/30,-11
2017/1/3,-14
2017/1/4,-15.13
2017/1/5,-13.63
2017/1/6,-12.69
2017/1/9,-13.13
2017/1/10,-12.5
2017/1/11,-12.38
2017/1/12,-12.25
2017/1/13,-11.5
2017/1/16,-11.5
2017/1/17,-11.88
2017/1/18,-11.75
2017/1/19,-10.25
2017/1/20,-10.25
2017/1/23,-9.63
2017/1/24,-10.5
2017/1/25,-10.13
2017/1/26,-9
2017/1/27,-8.63
2017/1/30,-9.25
2017/1/31,-9
2017/2/1,-8.88
2017/2/2,-8.75
2017/2/3,-7.88
2017/2/6,-6.5
2017/2/7,-6.88
2017/2/8,-8.25
2017/2/9,-7.38
2017/2/10,-7.13
2017/2/13,-6.63
2017/2/14,-6.75
2017/2/15,-6.63
2017/2/16,-5.75
2017/2/17,-4.13
2017/2/20,-4
2017/2/21,-2.38
2017/2/22,-2.63
2017/2/23,-2.25
2017/2/24,-2.62
2017/2/27,-2.25
2017/2/28,-1.75
2017/3/1,-3.31
2017/3/2,-2.13
2017/3/3,-2.44
2017/3/6,-3.75
2017/3/7,-5.25
2017/3/8,-4.63
2017/3/9,-3.5
2017/3/10,-2.63
2017/3/13,-2.75
2017/3/14,-2.88
2017/3/15,-2.88
2017/3/16,-3.75
2017/3/17,-2.75
2017/3/20,-3.5
2017/3/21,-3.63
2017/3/22,-3.5
2017/3/23,-2
2017/3/24,-1.75
2017/3/27,-3
2017/3/28,-2.38
2017/3/29,-1.75
2017/3/30,-0.87
2017/3/31,-0.5
2017/4/3,-1.5
2017/4/4,-1.63
2017/4/5,-2.13
2017/4/6,-2.25
2017/4/7,-2.5
2017/4/10,-3.5
2017/4/11,-3.88
2017/4/12,-3.63
2017/4/13,-2.75
2017/4/17,-3.84
2017/4/18,-4.25
2017/4/19,-4.75
2017/4/20,-3
2017/4/21,-3.25
2017/4/24,-2.5
2017/4/25,-1.75
2017/4/26,-2.25
2017/4/27,-2.88
2017/4/28,-2.75
2017/5/1,-3.63
2017/5/2,-3.75
2017/5/3,-4.75
2017/5/4,-5.13
2017/5/5,-6
2017/5/8,-6.13
2017/5/9,-7.13
2017/5/10,-9
2017/5/11,-8
2017/5/12,-7.63
2017/5/15,-9
2017/5/16,-8
2017/5/17,-7.75
2017/5/18,-7.5
2017/5/19,-6.25
2017/5/22,-6.25
2017/5/23,-6
2017/5/24,-5.75
2017/5/25,-5.25
2017/5/26,-4.88
2017/5/30,-5.88
2017/5/31,-5.88
2017/6/1,-5.5
2017/6/2,-5.38
2017/6/5,-5.25
2017/6/6,-4.5
2017/6/7,-4.06
2017/6/8,-3.75
2017/6/9,-4.38
2017/6/12,-5.44
2017/6/13,-2.63
2017/6/14,-2
2017/6/15,-2.38
2017/6/16,-3.25
2017/6/19,-2
2017/6/20,-2.13
2017/6/21,-3.63
2017/6/22,-4.75
2017/6/23,-2.75
2017/6/26,-1.88
2017/6/27,-3
2017/6/28,-2.75
2017/6/29,-2.75
2017/6/30,-2.44
2017/7/3,-2.88
2017/7/4,-2.75
2017/7/5,-1.75
2017/7/6,-2.13
2017/7/7,-3.25
2017/7/10,-3.75
2017/7/11,-4.69
2017/7/12,-4.63
2017/7/13,-5.13
2017/7/14,-5
2017/7/17,-5.75
2017/7/18,-5.75
2017/7/19,-3.88
2017/7/20,-3.19
2017/7/21,-3
2017/7/24,-3.75
2017/7/25,-3.75
2017/7/26,-4
2017/7/27,-3.75
2017/7/28,-4.25
2017/7/31,-4.63
2017/8/1,-4.5
2017/8/2,-3.75
2017/8/3,-2.88
2017/8/4,-3.37
2017/8/7,-4.19
2017/8/8,-3.81
2017/8/9,-3.5
2017/8/10,-3.56
2017/8/11,-4
2017/8/14,-4.5
2017/8/15,-4.88
2017/8/16,-4.81
2017/8/17,-5
2017/8/18,-5.13
2017/8/21,-5.75
2017/8/22,-5.75
2017/8/23,-6.38
2017/8/24,-6
2017/8/25,-5.88
2017/8/28,-6.38
2017/8/29,-5.94
2017/8/30,-5.38
2017/8/31,-5.19
2017/9/1,-5
2017/9/5,-5.13
2017/9/6,-3.94
2017/9/7,-3.75
2017/9/8,-4
2017/9/11,-4.5
2017/9/12,-4.81
2017/9/13,-4.19
2017/9/14,-3
2017/9/15,-3
2017/9/18,-3
2017/9/19,-3.63
2017/9/20,-3.44
2017/9/21,-3
2017/9/22,-3.19
2017/9/25,-3.5
2017/9/26,-4
2017/9/27,-4.13
2017/9/28,-4
2017/9/29,-4.38
2017/10/2,-4.13
2017/10/3,-4.19
2017/10/4,-4
2017/10/5,-4.5
2017/10/6,-4.25
2017/10/10,-4.5
2017/10/11,-4.5
2017/10/12,-4.25
2017/10/13,-3.75
2017/10/16,-2.88
2017/10/17,-1.81
2017/10/18,-2.38
2017/10/19,-2.13
2017/10/20,-2.31
2017/10/23,-2.56
2017/10/24,-2.13
2017/10/25,-2.25
2017/10/26,-2.69
2017/10/27,-2.75
2017/10/30,-2.38
2017/10/31,-2.97
2017/11/1,-2
2017/11/2,-1.81
2017/11/3,-2
2017/11/6,-2.5
2017/11/7,-2.19
2017/11/8,-2.63
2017/11/9,-1.88
2017/11/10,-2
2017/11/13,-1.25
2017/11/14,-1.75
2017/11/15,-1.25
2017/11/16,-0.75
2017/11/17,-0.56
2017/11/20,-0.25
2017/11/21,0.25
2017/11/22,0
2017/11/23,0.06
2017/11/24,0
2017/11/27,-0.75
2017/11/28,-0.63
2017/11/29,-0.75
2017/11/30,-0.5
2017/12/1,0.25
2017/12/4,1.56
2017/12/5,1.5
2017/12/6,2
2017/12/7,1.5
2017/12/8,1.13
2017/12/11,1.13
2017/12/12,0.5
2017/12/13,0.13
2017/12/14,-0.5
2017/12/15,-1
2017/12/18,-1.13
2017/12/19,-2
2017/12/20,-2.25
2017/12/21,-1.63
2017/12/22,-2.25
2017/12/26,-2.75
2017/12/27,-1.5
2017/12/28,-1.25
2017/12/29,-1.25
2018/1/2,-2.13
2018/1/3,-1.5
2018/1/4,-0.75
2018/1/5,-0.87
2018/1/8,-1.25
2018/1/9,-1.13
2018/1/10,-1.63
2018/1/11,-0.94
2018/1/12,-0.75
2018/1/15,-0.75
2018/1/16,0.5
2018/1/17,0.75
2018/1/18,1.38
2018/1/19,5.75
2018/1/22,4.44
2018/1/23,3
2018/1/24,2.88
2018/1/25,1.75
2018/1/26,2.38
2018/1/29,2.25
2018/1/30,2
2018/1/31,2.88
2018/2/1,3.75
2018/2/2,3.5
2018/2/5,1.25
2018/2/6,2.75
2018/2/7,1.75
2018/2/8,1.5
2018/2/9,0.75
2018/2/12,1.25
2018/2/13,0.63
2018/2/14,1.38
2018/2/15,1.25
2018/2/16,1.88
2018/2/19,1.75
2018/2/20,1.25
2018/2/21,2.5
2018/2/22,1.63
2018/2/23,0.75
2018/2/26,0.75
2018/2/27,1.75
2018/2/28,1.5
2018/3/1,0.75
2018/3/2,1.13
2018/3/5,0.81
2018/3/6,1.56
2018/3/7,1.94
2018/3/8,3
2018/3/9,2.5
2018/3/12,3.5
2018/3/13,4.81
2018/3/14,4.5
2018/3/15,4
2018/3/16,4.5
2018/3/19,3.75
2018/3/20,3.5
2018/3/21,4.25
2018/3/22,4.25
2018/3/23,3.12
2018/3/26,3.37
2018/3/27,1.62
2018/3/28,2.5
2018/3/29,3.63
2018/4/2,3.5
2018/4/3,2.75
2018/4/4,3.25
2018/4/5,3.43
2018/4/6,3
2018/4/9,2.5
2018/4/10,3
2018/4/11,3.75
2018/4/12,3.87
2018/4/13,3.75
2018/4/16,3.25
2018/4/17,3.38
2018/4/18,2.75
2018/4/19,2.81
2018/4/20,3.5
2018/4/23,2.75
2018/4/24,2.5
2018/4/25,2.94
2018/4/26,3
2018/4/27,3.12
2018/4/30,3.25
2018/5/1,2.75
2018/5/2,3.25
2018/5/3,3.25
2018/5/4,3.25
2018/5/7,3.75
2018/5/8,3.75
2018/5/9,2.87
2018/5/10,4.75
2018/5/11,3.12
2018/5/14,2.63
2018/5/15,3
2018/5/16,3.44
2018/5/17,3.25
2018/5/18,3.31
2018/5/21,3.62
2018/5/22,2.87
2018/5/23,3.37
2018/5/24,3.25
2018/5/25,3.75
2018/5/29,3.75
2018/5/30,4.12
2018/5/31,5.25
2018/6/1,5.5
2018/6/4,5.75
2018/6/5,6.06
2018/6/6,5.63
2018/6/7,5.88
2018/6/8,6.06
2018/6/11,6.25
2018/6/12,6.25
2018/6/13,6.5
2018/6/14,6.62
2018/6/15,6.25
2018/6/18,6.5
2018/6/19,6.75
2018/6/20,6.31
2018/6/21,6.5
2018/6/22,6.81
2018/6/25,6.75
2018/6/26,7.06
2018/6/27,7.31
2018/6/28,7.19
2018/6/29,7.5
2018/7/2,7.63
2018/7/3,8
2018/7/4,8
2018/7/5,8.25
2018/7/6,8
2018/7/9,7.94
2018/7/10,7.62
2018/7/11,7.22
2018/7/12,7
2018/7/13,6.69
2018/7/16,6.25
2018/7/17,6.5
2018/7/18,6.75
2018/7/19,6.75
2018/7/20,6.13
2018/7/23,5
2018/7/24,5.5
2018/7/25,5.25
2018/7/26,4.87
2018/7/27,6
2018/7/30,6.25
2018/7/31,6.75
2018/8/1,6.75
2018/8/2,7
2018/8/3,7.5
2018/8/6,7
2018/8/7,6.06
2018/8/8,5.5
2018/8/9,5.75
2018/8/10,6
2018/8/13,6
2018/8/14,6.81
2018/8/15,6.5
2018/8/16,6.94
2018/8/17,7.25
2018/8/20,7.56
2018/8/21,7.09
2018/8/22,7.5
2018/8/23,7.25
2018/8/24,7.81
2018/8/27,7.75
2018/8/28,7.25
2018/8/29,7.37
2018/8/30,7.5
2018/8/31,7
2018/9/4,6.5
2018/9/5,6.12
2018/9/6,6.25
2018/9/7,6.25
2018/9/10,6.25
2018/9/11,6.87
2018/9/12,6.75
2018/9/13,6.94
2018/9/14,6.75
2018/9/17,6.5
2018/9/18,5.75
2018/9/19,5.75
2018/9/20,6.5
2018/9/21,6.19
2018/9/24,5.5
2018/9/25,5.5
2018/9/26,6.25
2018/9/27,6.22
2018/9/28,5.75
2018/10/1,5.19
2018/10/2,5.56
2018/10/3,4.44
2018/10/4,4.75
2018/10/5,4
2018/10/9,4.87
2018/10/10,4.5
2018/10/11,4.87
2018/10/12,4.37
2018/10/15,5.06
2018/10/16,6.12
2018/10/17,6.06
2018/10/18,7
2018/10/19,6.69
2018/10/22,6.25
2018/10/23,6.65
2018/10/24,6.88
2018/10/25,6.37
2018/10/26,6.06
2018/10/29,6.52
2018/10/30,6.82
2018/10/31,6.56
2018/11/1,6.75
2018/11/2,6.19
2018/11/5,6.25
2018/11/6,5.74
2018/11/7,5.63
2018/11/8,5.5
2018/11/9,6
2018/11/13,5.87
2018/11/14,6.31
2018/11/15,6.5
2018/11/16,6.25
2018/11/19,5.75
2018/11/20,6.5
2018/11/21,6.69
2018/11/23,6.25
2018/11/26,6.06
2018/11/27,5.25
2018/11/28,3.5
2018/11/29,4
2018/11/30,4.63
2018/12/3,5.63
2018/12/4,6.25
2018/12/5,6.25
2018/12/6,6.88
2018/12/7,4.5
2018/12/10,3
2018/12/11,3.5
2018/12/12,3.37
2018/12/13,3.44
2018/12/14,3.25
2018/12/17,3.38
2018/12/18,2.25
2018/12/19,2
2018/12/20,3.75
2018/12/21,3.75
2018/12/24,2.25
2018/12/25,2.25
2018/12/26,1.5
2018/12/27,2
2018/12/28,2
2018/12/31,2.75
2019/1/1,2.75
2019/1/2,3
2019/1/3,2
2019/1/4,3
2019/1/7,2.69
2019/1/8,2.77
2019/1/9,2.77
2019/1/10,2.13
2019/1/11,2.25
2019/1/14,2.5
2019/1/15,2.75
2019/1/16,3.25
2019/1/17,3.25
2019/1/18,3.5
2019/1/21,3.75
2019/1/22,3.19
2019/1/23,3
2019/1/24,3.38
2019/1/25,3
2019/1/28,2.75
2019/1/29,3
2019/1/30,3
2019/1/31,2.75
2019/2/1,2.75
2019/2/4,2.5
2019/2/5,2.5
2019/2/6,2.63
2019/2/7,2.63
2019/2/8,2.63
2019/2/11,2.38
2019/2/12,2.25
2019/2/13,2.38
2019/2/14,3.13
2019/2/15,3
2019/2/19,2.38
2019/2/20,2.25
2019/2/21,0.75
2019/2/22,1.25
2019/2/25,0.63
