17.14,11/29/1996
17.93,12/02/1996
18.68,12/03/1996
17.93,12/04/1996
18.14,12/05/1996
18.82,12/06/1996
17.75,12/09/1996
17.88,12/10/1996
19.68,12/11/1996
20.45,12/12/1996
21.09,12/13/1996
21.99,12/16/1996
20.77,12/17/1996
19.42,12/18/1996
18.77,12/19/1996
18.85,12/20/1996
19.5,12/23/1996
18.68,12/24/1996
18.59,12/26/1996
19.13,12/27/1996
19.51,12/30/1996
20.92,12/31/1996
21.14,01/02/1997
19.13,01/03/1997
19.89,01/06/1997
19.35,01/07/1997
20.24,01/08/1997
20.91,01/09/1997
19.63,01/10/1997
19.84,01/13/1997
19.27,01/14/1997
19.4,01/15/1997
19.61,01/16/1997
18.63,01/17/1997
18.6,01/20/1997
17.81,01/21/1997
17.09,01/22/1997
18.47,01/23/1997
19.33,01/24/1997
20.16,01/27/1997
20.74,01/28/1997
20.23,01/29/1997
19.47,01/30/1997
19.47,01/31/1997
19.58,02/03/1997
19.43,02/04/1997
21.06,02/05/1997
20.16,02/06/1997
18.9,02/07/1997
20.65,02/10/1997
19.97,02/11/1997
19.48,02/12/1997
19.23,02/13/1997
19.18,02/14/1997
19.7,02/18/1997
20.61,02/19/1997
21.41,02/20/1997
20.55,02/21/1997
19.84,02/24/1997
19.98,02/25/1997
20.74,02/26/1997
21.08,02/27/1997
21.1,02/28/1997
20.89,03/03/1997
20.62,03/04/1997
19.49,03/05/1997
20.48,03/06/1997
19.32,03/07/1997
19,03/10/1997
19.25,03/11/1997
19.61,03/12/1997
19.79,03/13/1997
19.81,03/14/1997
20.95,03/17/1997
21.26,03/18/1997
21.74,03/19/1997
21.22,03/20/1997
19.69,03/21/1997
20.06,03/24/1997
19.26,03/25/1997
18.32,03/26/1997
20.5,03/27/1997
22.14,03/31/1997
20.84,04/01/1997
21.3,04/02/1997
21.19,04/03/1997
19.23,04/04/1997
18.51,04/07/1997
18.44,04/08/1997
18.56,04/09/1997
19.01,04/10/1997
19.76,04/11/1997
19.09,04/14/1997
18.25,04/15/1997
17.64,04/16/1997
18.71,04/17/1997
18.75,04/18/1997
20.1,04/21/1997
19.52,04/22/1997
20.48,04/23/1997
20.83,04/24/1997
21.15,04/25/1997
21.34,04/28/1997
19.81,04/29/1997
20.06,04/30/1997
19.87,05/01/1997
17.51,05/02/1997
20.13,05/05/1997
20.85,05/06/1997
21.34,05/07/1997
21.26,05/08/1997
20.11,05/09/1997
20.25,05/12/1997
20.81,05/13/1997
21.09,05/14/1997
19.91,05/15/1997
21.57,05/16/1997
21.48,05/19/1997
19.26,05/20/1997
19.28,05/21/1997
18.77,05/22/1997
18.08,05/23/1997
19.36,05/27/1997
19.28,05/28/1997
19.02,05/29/1997
19.19,05/30/1997
20.85,06/02/1997
20.01,06/03/1997
20.1,06/04/1997
20.36,06/05/1997
18.94,06/06/1997
19.46,06/09/1997
19.04,06/10/1997
18.85,06/11/1997
18.51,06/12/1997
19.27,06/13/1997
19.77,06/16/1997
20.17,06/17/1997
20.45,06/18/1997
20.1,06/19/1997
20.2,06/20/1997
21.19,06/23/1997
20.74,06/24/1997
21.5,06/25/1997
21.82,06/26/1997
21.22,06/27/1997
21.53,06/30/1997
21,07/01/1997
19.7,07/02/1997
17.82,07/03/1997
19.13,07/07/1997
18.76,07/08/1997
20.4,07/09/1997
19.92,07/10/1997
19.06,07/11/1997
19.58,07/14/1997
19,07/15/1997
19.36,07/16/1997
20.54,07/17/1997
22.28,07/18/1997
23.51,07/21/1997
21.77,07/22/1997
21.3,07/23/1997
20.96,07/24/1997
20.82,07/25/1997
21.84,07/28/1997
22.02,07/29/1997
21.39,07/30/1997
21.48,07/31/1997
22.29,08/01/1997
21.94,08/04/1997
20.64,08/05/1997
20.05,08/06/1997
19.77,08/07/1997
22.46,08/08/1997
22.77,08/11/1997
23.75,08/12/1997
24.52,08/13/1997
23.11,08/14/1997
24.45,08/15/1997
24.37,08/18/1997
22.64,08/19/1997
21.09,08/20/1997
23.83,08/21/1997
24.74,08/22/1997
24.1,08/25/1997
24.73,08/26/1997
24.26,08/27/1997
24.51,08/28/1997
24.76,08/29/1997
24.53,09/02/1997
24.95,09/03/1997
25.27,09/04/1997
24.31,09/05/1997
24.4,09/08/1997
23.89,09/09/1997
24.64,09/10/1997
25.99,09/11/1997
25.17,09/12/1997
25.74,09/15/1997
23.77,09/16/1997
24.1,09/17/1997
23.48,09/18/1997
22.74,09/19/1997
22.08,09/22/1997
22,09/23/1997
22.64,09/24/1997
22.96,09/25/1997
22.26,09/26/1997
22.23,09/29/1997
22.91,09/30/1997
22.32,10/01/1997
22.27,10/02/1997
21.54,10/03/1997
21.61,10/06/1997
20.29,10/07/1997
20.77,10/08/1997
22.31,10/09/1997
19.75,10/10/1997
20.26,10/13/1997
19.99,10/14/1997
20.05,10/15/1997
20.53,10/16/1997
21.69,10/17/1997
20.72,10/20/1997
19.53,10/21/1997
19.86,10/22/1997
22.99,10/23/1997
23.17,10/24/1997
31.12,10/27/1997
31.22,10/28/1997
33.75,10/29/1997
38.2,10/30/1997
35.09,10/31/1997
32.09,11/03/1997
32.24,11/04/1997
32.18,11/05/1997
32.57,11/06/1997
36.27,11/07/1997
36.63,11/10/1997
36.38,11/11/1997
37.84,11/12/1997
36.64,11/13/1997
33.66,11/14/1997
31.58,11/17/1997
31.55,11/18/1997
29.93,11/19/1997
27.32,11/20/1997
26.65,11/21/1997
29.8,11/24/1997
28.95,11/25/1997
28.95,11/26/1997
27.43,11/28/1997
26.01,12/01/1997
25.66,12/02/1997
23.92,12/03/1997
23.84,12/04/1997
22.65,12/05/1997
23.22,12/08/1997
23.36,12/09/1997
24.55,12/10/1997
27.63,12/11/1997
27.92,12/12/1997
27.37,12/15/1997
26.11,12/16/1997
26.33,12/17/1997
27.19,12/18/1997
29.18,12/19/1997
28.56,12/22/1997
29.86,12/23/1997
30.27,12/24/1997
29.27,12/26/1997
26.79,12/29/1997
24.38,12/30/1997
24.01,12/31/1997
23.42,01/02/1998
24.36,01/05/1998
25.66,01/06/1998
25.07,01/07/1998
26.01,01/08/1998
28.69,01/09/1998
28.02,01/12/1998
25.17,01/13/1998
23.75,01/14/1998
23.45,01/15/1998
21.65,01/16/1998
21.65,01/20/1998
22.53,01/21/1998
23.16,01/22/1998
23.32,01/23/1998
23.97,01/26/1998
22.27,01/27/1998
22.06,01/28/1998
21.65,01/29/1998
21.47,01/30/1998
21.36,02/02/1998
20.67,02/03/1998
20.55,02/04/1998
21.29,02/05/1998
20.51,02/06/1998
21.55,02/09/1998
20.66,02/10/1998
20.38,02/11/1998
19.73,02/12/1998
19.84,02/13/1998
20.76,02/17/1998
19.66,02/18/1998
19.88,02/19/1998
19,02/20/1998
18.99,02/23/1998
19.35,02/24/1998
18.62,02/25/1998
18.63,02/26/1998
18.55,02/27/1998
19.19,03/02/1998
19.04,03/03/1998
19.58,03/04/1998
20.93,03/05/1998
19.14,03/06/1998
20.23,03/09/1998
19.43,03/10/1998
18.89,03/11/1998
18.25,03/12/1998
18.71,03/13/1998
18.51,03/16/1998
18.66,03/17/1998
18.29,03/18/1998
17.76,03/19/1998
18.69,03/20/1998
19.98,03/23/1998
20.51,03/24/1998
22.54,03/25/1998
22.81,03/26/1998
23.47,03/27/1998
24.66,03/30/1998
24.22,03/31/1998
23.37,04/01/1998
21.98,04/02/1998
21.82,04/03/1998
22.47,04/06/1998
23.66,04/07/1998
23.17,04/08/1998
21.51,04/09/1998
22.77,04/13/1998
21.61,04/14/1998
20.89,04/15/1998
22.06,04/16/1998
20.76,04/17/1998
20.39,04/20/1998
19.91,04/21/1998
19.44,04/22/1998
20.6,04/23/1998
21.97,04/24/1998
26.09,04/27/1998
24.17,04/28/1998
22.78,04/29/1998
21.18,04/30/1998
19.34,05/01/1998
20.32,05/04/1998
21.46,05/05/1998
22.79,05/06/1998
23.39,05/07/1998
20.57,05/08/1998
21.05,05/11/1998
20.98,05/12/1998
20.44,05/13/1998
19.64,05/14/1998
20.44,05/15/1998
21.69,05/18/1998
20.39,05/19/1998
19.89,05/20/1998
19.38,05/21/1998
18.99,05/22/1998
22.07,05/26/1998
22.59,05/27/1998
20.74,05/28/1998
21.32,05/29/1998
22.83,06/01/1998
22,06/02/1998
22.85,06/03/1998
21.22,06/04/1998
19.78,06/05/1998
20.58,06/08/1998
20.52,06/09/1998
21.48,06/10/1998
23.57,06/11/1998
22.78,06/12/1998
25.94,06/15/1998
24.8,06/16/1998
22.89,06/17/1998
22.4,06/18/1998
21.92,06/19/1998
21.94,06/22/1998
20.17,06/23/1998
20.02,06/24/1998
20.25,06/25/1998
19.36,06/26/1998
19.57,06/29/1998
19.71,06/30/1998
18,07/01/1998
17.67,07/02/1998
18.63,07/06/1998
18.62,07/07/1998
17.82,07/08/1998
18.16,07/09/1998
17.92,07/10/1998
18.26,07/13/1998
17.88,07/14/1998
17.89,07/15/1998
16.97,07/16/1998
16.23,07/17/1998
17.34,07/20/1998
20.1,07/21/1998
20.32,07/22/1998
23.01,07/23/1998
23.01,07/24/1998
23.13,07/27/1998
25.25,07/28/1998
24.79,07/29/1998
22.66,07/30/1998
24.8,07/31/1998
25.98,08/03/1998
31.06,08/04/1998
29.83,08/05/1998
28.2,08/06/1998
27.02,08/07/1998
28.75,08/10/1998
31.91,08/11/1998
28.55,08/12/1998
29.92,08/13/1998
34.34,08/14/1998
31.86,08/17/1998
28.4,08/18/1998
28.69,08/19/1998
30,08/20/1998
33.14,08/21/1998
31.8,08/24/1998
30.33,08/25/1998
31.14,08/26/1998
38.55,08/27/1998
39.6,08/28/1998
44.28,08/31/1998
36.48,09/01/1998
36.76,09/02/1998
41.43,09/03/1998
43.31,09/04/1998
37.9,09/08/1998
39.66,09/09/1998
45.29,09/10/1998
43.74,09/11/1998
38.57,09/14/1998
36.58,09/15/1998
35.94,09/16/1998
39.23,09/17/1998
38.63,09/18/1998
38.58,09/21/1998
36.62,09/22/1998
32.47,09/23/1998
34.66,09/24/1998
34.55,09/25/1998
34.87,09/28/1998
36.08,09/29/1998
40.95,09/30/1998
43.48,10/01/1998
40.47,10/02/1998
42.81,10/05/1998
41.2,10/06/1998
43.51,10/07/1998
45.74,10/08/1998
42.2,10/09/1998
40.07,10/12/1998
40.23,10/13/1998
38.96,10/14/1998
33.34,10/15/1998
34.82,10/16/1998
33.13,10/19/1998
33.11,10/20/1998
33.21,10/21/1998
31.53,10/22/1998
32.27,10/23/1998
32.38,10/26/1998
32.95,10/27/1998
32.42,10/28/1998
29.5,10/29/1998
28.05,10/30/1998
27.26,11/02/1998
27.76,11/03/1998
27.37,11/04/1998
26.01,11/05/1998
25.7,11/06/1998
28.09,11/09/1998
28.17,11/10/1998
28.47,11/11/1998
29.28,11/12/1998
29.03,11/13/1998
28.9,11/16/1998
27.95,11/17/1998
27.13,11/18/1998
25.5,11/19/1998
22.47,11/20/1998
21.84,11/23/1998
23.28,11/24/1998
22.15,11/25/1998
22.09,11/27/1998
26.01,11/30/1998
24.97,12/01/1998
25.43,12/02/1998
28.7,12/03/1998
25.31,12/04/1998
24.9,12/07/1998
25.58,12/08/1998
25.66,12/09/1998
26.81,12/10/1998
27.72,12/11/1998
31.31,12/14/1998
29.42,12/15/1998
29.96,12/16/1998
27.96,12/17/1998
25.04,12/18/1998
23.86,12/21/1998
22.78,12/22/1998
20.21,12/23/1998
21.48,12/24/1998
23.5,12/28/1998
22.18,12/29/1998
23.34,12/30/1998
24.42,12/31/1998
26.17,01/04/1999
24.46,01/05/1999
23.34,01/06/1999
24.37,01/07/1999
23.28,01/08/1999
25.46,01/11/1999
28.1,01/12/1999
30.11,01/13/1999
32.98,01/14/1999
29.24,01/15/1999
29.24,01/19/1999
28.6,01/20/1999
30.92,01/21/1999
31.95,01/22/1999
31.13,01/25/1999
29.23,01/26/1999
29.73,01/27/1999
28.11,01/28/1999
26.25,01/29/1999
27.67,02/01/1999
28.16,02/02/1999
27.88,02/03/1999
29.48,02/04/1999
29.67,02/05/1999
30.27,02/08/1999
31.36,02/09/1999
30.45,02/10/1999
27.42,02/11/1999
29.76,02/12/1999
29.65,02/16/1999
30.65,02/17/1999
30.45,02/18/1999
29.3,02/19/1999
25.87,02/22/1999
26.49,02/23/1999
27.21,02/24/1999
28.01,02/25/1999
27.88,02/26/1999
28.37,03/01/1999
29.22,03/02/1999
29.04,03/03/1999
26.67,03/04/1999
24.08,03/05/1999
24.54,03/08/1999
25.02,03/09/1999
24.79,03/10/1999
24.37,03/11/1999
24.84,03/12/1999
25.24,03/15/1999
25.15,03/16/1999
25.57,03/17/1999
24.13,03/18/1999
24.32,03/19/1999
25,03/22/1999
27.27,03/23/1999
26.6,03/24/1999
24.33,03/25/1999
24.04,03/26/1999
23.54,03/29/1999
22.73,03/30/1999
23.26,03/31/1999
22.06,04/01/1999
22.19,04/05/1999
22.65,04/06/1999
22.81,04/07/1999
22.59,04/08/1999
21.77,04/09/1999
21.93,04/12/1999
22.73,04/13/1999
24.94,04/14/1999
23.93,04/15/1999
23.9,04/16/1999
26.42,04/19/1999
25.02,04/20/1999
23.31,04/21/1999
22.62,04/22/1999
22.76,04/23/1999
23.53,04/26/1999
23.36,04/27/1999
24.4,04/28/1999
25.06,04/29/1999
25.07,04/30/1999
24.15,05/03/1999
25.62,05/04/1999
25.19,05/05/1999
27.44,05/06/1999
25.36,05/07/1999
26.62,05/10/1999
25.62,05/11/1999
26.13,05/12/1999
25.02,05/13/1999
26.86,05/14/1999
27.28,05/17/1999
27.26,05/18/1999
25.08,05/19/1999
24.46,05/20/1999
24.4,05/21/1999
27.62,05/24/1999
28.9,05/25/1999
27.57,05/26/1999
28.12,05/27/1999
25.39,05/28/1999
26.62,06/01/1999
26.21,06/02/1999
26.2,06/03/1999
23.43,06/04/1999
23.78,06/07/1999
24.02,06/08/1999
23.9,06/09/1999
25.32,06/10/1999
25.9,06/11/1999
26.51,06/14/1999
25.91,06/15/1999
22.4,06/16/1999
21.95,06/17/1999
21.75,06/18/1999
21.81,06/21/1999
21.7,06/22/1999
21.32,06/23/1999
23.06,06/24/1999
21.76,06/25/1999
22.63,06/28/1999
22.51,06/29/1999
21.09,06/30/1999
19.69,07/01/1999
18.66,07/02/1999
20.73,07/06/1999
20.35,07/07/1999
20.24,07/08/1999
17.96,07/09/1999
19.73,07/12/1999
19.95,07/13/1999
19.71,07/14/1999
18.68,07/15/1999
17.42,07/16/1999
19.07,07/19/1999
21.79,07/20/1999
21.46,07/21/1999
23.05,07/22/1999
23.32,07/23/1999
24.98,07/26/1999
23.23,07/27/1999
22.85,07/28/1999
24.52,07/29/1999
24.64,07/30/1999
25.59,08/02/1999
26.27,08/03/1999
27.4,08/04/1999
27.01,08/05/1999
26.6,08/06/1999
27.66,08/09/1999
28.45,08/10/1999
25.39,08/11/1999
25.03,08/12/1999
22.31,08/13/1999
23.07,08/16/1999
21.67,08/17/1999
23.3,08/18/1999
24.39,08/19/1999
22.95,08/20/1999
22.55,08/23/1999
22.4,08/24/1999
20.96,08/25/1999
21.21,08/26/1999
21.83,08/27/1999
24.63,08/30/1999
24.45,08/31/1999
22.93,09/01/1999
24.53,09/02/1999
20.98,09/03/1999
23.44,09/07/1999
23.82,09/08/1999
23.01,09/09/1999
22.03,09/10/1999
22.89,09/13/1999
23.77,09/14/1999
24.56,09/15/1999
25.25,09/16/1999
23.3,09/17/1999
24.03,09/20/1999
25.65,09/21/1999
25.19,09/22/1999
27.84,09/23/1999
27.79,09/24/1999
26.4,09/27/1999
26.06,09/28/1999
26.49,09/29/1999
25.41,09/30/1999
24.93,10/01/1999
24.46,10/04/1999
24.79,10/05/1999
22.06,10/06/1999
23.58,10/07/1999
20.49,10/08/1999
20.63,10/11/1999
22.84,10/12/1999
25.96,10/13/1999
26.05,10/14/1999
28.75,10/15/1999
28.19,10/18/1999
26.56,10/19/1999
23.9,10/20/1999
24.02,10/21/1999
21.64,10/22/1999
23.6,10/25/1999
24.26,10/26/1999
24.2,10/27/1999
21.34,10/28/1999
22.2,10/29/1999
22.09,11/01/1999
23.1,11/02/1999
23.16,11/03/1999
23,11/04/1999
21.66,11/05/1999
21.87,11/08/1999
22.7,11/09/1999
22.26,11/10/1999
22.07,11/11/1999
21.65,11/12/1999
22.74,11/15/1999
20.73,11/16/1999
20.96,11/17/1999
19.76,11/18/1999
19.11,11/19/1999
19.98,11/22/1999
21,11/23/1999
20.26,11/24/1999
22.33,11/26/1999
23.57,11/29/1999
24.18,11/30/1999
22.23,12/01/1999
21.77,12/02/1999
19.32,12/03/1999
20.58,12/06/1999
21.09,12/07/1999
21.25,12/08/1999
21.19,12/09/1999
21.48,12/10/1999
21.72,12/13/1999
23.06,12/14/1999
22.03,12/15/1999
21.91,12/16/1999
21.35,12/17/1999
23.78,12/20/1999
22.66,12/21/1999
22.43,12/22/1999
21.12,12/23/1999
23.07,12/27/1999
22.97,12/28/1999
23.09,12/29/1999
24.76,12/30/1999
24.64,12/31/1999
24.21,01/03/2000
27.01,01/04/2000
26.41,01/05/2000
25.73,01/06/2000
21.72,01/07/2000
21.71,01/10/2000
22.5,01/11/2000
22.84,01/12/2000
21.71,01/13/2000
19.66,01/14/2000
21.5,01/18/2000
21.72,01/19/2000
21.75,01/20/2000
20.82,01/21/2000
24.07,01/24/2000
23.02,01/25/2000
23.03,01/26/2000
23.54,01/27/2000
26.14,01/28/2000
24.95,01/31/2000
23.45,02/01/2000
23.12,02/02/2000
22.01,02/03/2000
21.54,02/04/2000
22.79,02/07/2000
21.25,02/08/2000
22.9,02/09/2000
23.07,02/10/2000
24.42,02/11/2000
24.38,02/14/2000
22.92,02/15/2000
23.51,02/16/2000
23.17,02/17/2000
26,02/18/2000
25.86,02/22/2000
23.89,02/23/2000
24.38,02/24/2000
25.2,02/25/2000
24.68,02/28/2000
23.37,02/29/2000
21.64,03/01/2000
21.06,03/02/2000
19.21,03/03/2000
21.5,03/06/2000
24.31,03/07/2000
23.82,03/08/2000
22.21,03/09/2000
21.24,03/10/2000
22.85,03/13/2000
24.41,03/14/2000
22.34,03/15/2000
20.77,03/16/2000
22.37,03/17/2000
22.96,03/20/2000
21.7,03/21/2000
21.49,03/22/2000
22.26,03/23/2000
23.31,03/24/2000
24.53,03/27/2000
24.86,03/28/2000
24.1,03/29/2000
25.47,03/30/2000
24.11,03/31/2000
24.03,04/03/2000
27.12,04/04/2000
28.41,04/05/2000
27.15,04/06/2000
24.39,04/07/2000
25.99,04/10/2000
27.25,04/11/2000
28.98,04/12/2000
29.4,04/13/2000
33.49,04/14/2000
28.95,04/17/2000
26.12,04/18/2000
27.02,04/19/2000
25.85,04/20/2000
27.37,04/24/2000
25.24,04/25/2000
26.97,04/26/2000
26.19,04/27/2000
26.2,04/28/2000
25.88,05/01/2000
28.5,05/02/2000
31.63,05/03/2000
30.77,05/04/2000
27.53,05/05/2000
28.2,05/08/2000
28.93,05/09/2000
29.87,05/10/2000
27.76,05/11/2000
26.05,05/12/2000
24.86,05/15/2000
24.34,05/16/2000
23.98,05/17/2000
23.96,05/18/2000
25.44,05/19/2000
26,05/22/2000
25.87,05/23/2000
24.32,05/24/2000
24.58,05/25/2000
24.47,05/26/2000
23.62,05/30/2000
23.65,05/31/2000
22.36,06/01/2000
21.48,06/02/2000
22.71,06/05/2000
23.05,06/06/2000
22.48,06/07/2000
22.77,06/08/2000
22.14,06/09/2000
22.32,06/12/2000
21.67,06/13/2000
21.48,06/14/2000
20.68,06/15/2000
20.5,06/16/2000
20.63,06/19/2000
20.88,06/20/2000
20.61,06/21/2000
22,06/22/2000
22.34,06/23/2000
22.45,06/26/2000
21.8,06/27/2000
20.29,06/28/2000
19.7,06/29/2000
19.54,06/30/2000
19.83,07/03/2000
21.16,07/05/2000
20.94,07/06/2000
19.22,07/07/2000
20.33,07/10/2000
20.11,07/11/2000
20.03,07/12/2000
20.03,07/13/2000
19.32,07/14/2000
19.45,07/17/2000
19.75,07/18/2000
19.65,07/19/2000
18.94,07/20/2000
18.94,07/21/2000
19.92,07/24/2000
19.39,07/25/2000
19.67,07/26/2000
19.6,07/27/2000
20.84,07/28/2000
20.74,07/31/2000
20.55,08/01/2000
20,08/02/2000
19.99,08/03/2000
18.62,08/04/2000
19.03,08/07/2000
18.79,08/08/2000
19.18,08/09/2000
19.19,08/10/2000
18.55,08/11/2000
17.88,08/14/2000
17.98,08/15/2000
18.02,08/16/2000
17.48,08/17/2000
17.05,08/18/2000
17.35,08/21/2000
17.47,08/22/2000
17.38,08/23/2000
17.04,08/24/2000
16.53,08/25/2000
16.54,08/28/2000
16.89,08/29/2000
17.69,08/30/2000
16.84,08/31/2000
17.53,09/01/2000
19.82,09/05/2000
20.79,09/06/2000
19.42,09/07/2000
18.46,09/08/2000
18.4,09/11/2000
18.59,09/12/2000
18.32,09/13/2000
18.26,09/14/2000
18.52,09/15/2000
20.25,09/18/2000
19.54,09/19/2000
19.93,09/20/2000
20.18,09/21/2000
20.74,09/22/2000
21.41,09/25/2000
21.88,09/26/2000
21.67,09/27/2000
19.47,09/28/2000
20.57,09/29/2000
21.23,10/02/2000
21.85,10/03/2000
21.54,10/04/2000
21.03,10/05/2000
22.71,10/06/2000
24.02,10/09/2000
24.86,10/10/2000
26.57,10/11/2000
30.51,10/12/2000
27.6,10/13/2000
26.79,10/16/2000
27.84,10/17/2000
28.72,10/18/2000
25.09,10/19/2000
24.24,10/20/2000
24.69,10/23/2000
24.28,10/24/2000
26.65,10/25/2000
28.62,10/26/2000
26.47,10/27/2000
25.46,10/30/2000
23.63,10/31/2000
24.28,11/01/2000
23.92,11/02/2000
23.67,11/03/2000
24.52,11/06/2000
24.91,11/07/2000
25.66,11/08/2000
27.2,11/09/2000
28.53,11/10/2000
29.06,11/13/2000
26.81,11/14/2000
26.15,11/15/2000
25.05,11/16/2000
24.81,11/17/2000
27.43,11/20/2000
26.62,11/21/2000
27.71,11/22/2000
26,11/24/2000
26.93,11/27/2000
27.64,11/28/2000
27.49,11/29/2000
29.65,11/30/2000
27.48,12/01/2000
27.78,12/04/2000
24.99,12/05/2000
25.07,12/06/2000
25.34,12/07/2000
22.41,12/08/2000
23.51,12/11/2000
24.88,12/12/2000
23.63,12/13/2000
24.86,12/14/2000
26.55,12/15/2000
27.7,12/18/2000
27.17,12/19/2000
31.74,12/20/2000
29.66,12/21/2000
27.55,12/22/2000
28.73,12/26/2000
28.14,12/27/2000
26.57,12/28/2000
26.85,12/29/2000
29.99,01/02/2001
26.6,01/03/2001
26.97,01/04/2001
28.67,01/05/2001
29.84,01/08/2001
27.99,01/09/2001
26.8,01/10/2001
25.79,01/11/2001
24.56,01/12/2001
25.28,01/16/2001
24.93,01/17/2001
23.37,01/18/2001
23.24,01/19/2001
23.25,01/22/2001
21.57,01/23/2001
22.03,01/24/2001
22.64,01/25/2001
22.57,01/26/2001
22.61,01/29/2001
22.57,01/30/2001
22.02,01/31/2001
21.66,02/01/2001
21.95,02/02/2001
22.19,02/05/2001
21.98,02/06/2001
21.67,02/07/2001
21.46,02/08/2001
22.03,02/09/2001
21.92,02/12/2001
21.37,02/13/2001
21.52,02/14/2001
20.27,02/15/2001
22.12,02/16/2001
24.69,02/20/2001
25.75,02/21/2001
26.76,02/22/2001
27.21,02/23/2001
25.43,02/26/2001
26.49,02/27/2001
28.35,02/28/2001
28.08,03/01/2001
27.43,03/02/2001
27.12,03/05/2001
25.89,03/06/2001
24.12,03/07/2001
24.29,03/08/2001
25.62,03/09/2001
30.32,03/12/2001
27.55,03/13/2001
29.61,03/14/2001
28.56,03/15/2001
29.91,03/16/2001
29.78,03/19/2001
30.96,03/20/2001
31.93,03/21/2001
32.84,03/22/2001
30.45,03/23/2001
29.04,03/26/2001
27.04,03/27/2001
28.58,03/28/2001
29.17,03/29/2001
28.64,03/30/2001
31.21,04/02/2001
34.72,04/03/2001
34.07,04/04/2001
29.94,04/05/2001
31.69,04/06/2001
31.91,04/09/2001
29.44,04/10/2001
28.46,04/11/2001
26.12,04/12/2001
26.33,04/16/2001
25.61,04/17/2001
24.13,04/18/2001
24.16,04/19/2001
25.38,04/20/2001
28.16,04/23/2001
28.49,04/24/2001
27.4,04/25/2001
25.96,04/26/2001
24.02,04/27/2001
25.48,04/30/2001
24.2,05/01/2001
24.23,05/02/2001
25.78,05/03/2001
23.91,05/04/2001
24.86,05/07/2001
24.44,05/08/2001
24.35,05/09/2001
24,05/10/2001
23.54,05/11/2001
24.26,05/14/2001
23.71,05/15/2001
21.89,05/16/2001
21.47,05/17/2001
21.23,05/18/2001
20.76,05/21/2001
21.35,05/22/2001
22.08,05/23/2001
20.57,05/24/2001
20.6,05/25/2001
22.14,05/29/2001
22.76,05/30/2001
22.64,05/31/2001
21.59,06/01/2001
21.38,06/04/2001
19.58,06/05/2001
20.39,06/06/2001
19.67,06/07/2001
19.92,06/08/2001
20.7,06/11/2001
20.7,06/12/2001
21.45,06/13/2001
23.12,06/14/2001
22.81,06/15/2001
23.17,06/18/2001
22.34,06/19/2001
21.71,06/20/2001
19.38,06/21/2001
20.02,06/22/2001
20.67,06/25/2001
21.2,06/26/2001
20.88,06/27/2001
20.01,06/28/2001
19.06,06/29/2001
18.76,07/02/2001
18.92,07/03/2001
20.09,07/05/2001
21.63,07/06/2001
22.48,07/09/2001
23.25,07/10/2001
24.01,07/11/2001
22.09,07/12/2001
21.14,07/13/2001
22.91,07/16/2001
22.61,07/17/2001
23.6,07/18/2001
22.51,07/19/2001
22.34,07/20/2001
23.74,07/23/2001
25.24,07/24/2001
24,07/25/2001
23.01,07/26/2001
22,07/27/2001
22.69,07/30/2001
21.62,07/31/2001
20.56,08/01/2001
20.09,08/02/2001
19.89,08/03/2001
21.89,08/06/2001
21.01,08/07/2001
22.32,08/08/2001
21.75,08/09/2001
20.55,08/10/2001
20.42,08/13/2001
20.48,08/14/2001
20.91,08/15/2001
21.54,08/16/2001
23.84,08/17/2001
22.87,08/20/2001
24.4,08/21/2001
22.44,08/22/2001
22.23,08/23/2001
19.71,08/24/2001
20.56,08/27/2001
22,08/28/2001
23.03,08/29/2001
25.41,08/30/2001
24.92,08/31/2001
25.85,09/04/2001
26.35,09/05/2001
28.61,09/06/2001
30.99,09/07/2001
31.84,09/10/2001
41.76,09/17/2001
38.87,09/18/2001
40.56,09/19/2001
43.74,09/20/2001
42.66,09/21/2001
37.75,09/24/2001
35.81,09/25/2001
35.26,09/26/2001
34,09/27/2001
31.93,09/28/2001
32.32,10/01/2001
31.18,10/02/2001
31.34,10/03/2001
31.97,10/04/2001
33.39,10/05/2001
35.12,10/08/2001
34.83,10/09/2001
31.6,10/10/2001
31.5,10/11/2001
35.27,10/12/2001
35.31,10/15/2001
32.88,10/16/2001
35.08,10/17/2001
34.95,10/18/2001
34.11,10/19/2001
32.25,10/22/2001
32,10/23/2001
30.95,10/24/2001
29.46,10/25/2001
28.42,10/26/2001
31.64,10/29/2001
33.46,10/30/2001
33.56,10/31/2001
32.31,11/01/2001
30.71,11/02/2001
30.5,11/05/2001
28.8,11/06/2001
29.13,11/07/2001
28.62,11/08/2001
27.44,11/09/2001
29.35,11/12/2001
26.47,11/13/2001
26.56,11/14/2001
25.56,11/15/2001
25.07,11/16/2001
24.46,11/19/2001
24.12,11/20/2001
24.19,11/21/2001
23.25,11/23/2001
23.79,11/26/2001
24,11/27/2001
25.9,11/28/2001
25.18,11/29/2001
23.84,11/30/2001
25.77,12/03/2001
24.08,12/04/2001
23.02,12/05/2001
23.71,12/06/2001
23.49,12/07/2001
25.62,12/10/2001
25.3,12/11/2001
24.87,12/12/2001
25.91,12/13/2001
24.63,12/14/2001
24.26,12/17/2001
23.29,12/18/2001
22.58,12/19/2001
23.67,12/20/2001
22.5,12/21/2001
22.62,12/24/2001
22.29,12/26/2001
21.59,12/27/2001
21.4,12/28/2001
23.8,12/31/2001
22.71,01/02/2002
21.34,01/03/2002
20.45,01/04/2002
21.94,01/07/2002
21.83,01/08/2002
22.13,01/09/2002
22.36,01/10/2002
22.6,01/11/2002
23.58,01/14/2002
22.7,01/15/2002
23.45,01/16/2002
22.25,01/17/2002
22.52,01/18/2002
23.61,01/22/2002
21.88,01/23/2002
21.15,01/24/2002
21.01,01/25/2002
21.14,01/28/2002
24.35,01/29/2002
23.22,01/30/2002
21.09,01/31/2002
21.12,02/01/2002
24.87,02/04/2002
25.45,02/05/2002
26.09,02/06/2002
25.11,02/07/2002
23.26,02/08/2002
21.78,02/11/2002
21.62,02/12/2002
20.85,02/13/2002
21.77,02/14/2002
22.37,02/15/2002
24.43,02/19/2002
22.66,02/20/2002
23.8,02/21/2002
22.86,02/22/2002
21.84,02/25/2002
21.68,02/26/2002
21.49,02/27/2002
21.59,02/28/2002
19.96,03/01/2002
20.5,03/04/2002
20.3,03/05/2002
19.94,03/06/2002
20.04,03/07/2002
19.27,03/08/2002
19.84,03/11/2002
19.59,03/12/2002
19.46,03/13/2002
19.2,03/14/2002
18.42,03/15/2002
18.93,03/18/2002
18.16,03/19/2002
18.46,03/20/2002
18.15,03/21/2002
17.77,03/22/2002
18.48,03/25/2002
18.13,03/26/2002
17.7,03/27/2002
17.4,03/28/2002
18.73,04/01/2002
19.16,04/02/2002
20.2,04/03/2002
19.78,04/04/2002
19.13,04/05/2002
19.61,04/08/2002
19.47,04/09/2002
18.19,04/10/2002
20.3,04/11/2002
19.42,04/12/2002
19.82,04/15/2002
18.11,04/16/2002
18.43,04/17/2002
19.29,04/18/2002
18.3,04/19/2002
19.77,04/22/2002
20.28,04/23/2002
20.77,04/24/2002
20.95,04/25/2002
22.14,04/26/2002
24.05,04/29/2002
21.91,04/30/2002
20.06,05/01/2002
20.07,05/02/2002
20.19,05/03/2002
22.56,05/06/2002
21.94,05/07/2002
20.39,05/08/2002
21.56,05/09/2002
22.41,05/10/2002
20.72,05/13/2002
19.35,05/14/2002
19.19,05/15/2002
18.5,05/16/2002
17.7,05/17/2002
19.24,05/20/2002
20.05,05/21/2002
19.58,05/22/2002
18.23,05/23/2002
18.9,05/24/2002
20.31,05/28/2002
20.39,05/29/2002
20.61,05/30/2002
19.98,05/31/2002
23.37,06/03/2002
23.89,06/04/2002
22.61,06/05/2002
24.16,06/06/2002
23.51,06/07/2002
23.72,06/10/2002
24.45,06/11/2002
24.15,06/12/2002
25.02,06/13/2002
25.96,06/14/2002
24.64,06/17/2002
24.24,06/18/2002
26.06,06/19/2002
27.48,06/20/2002
27.23,06/21/2002
26.98,06/24/2002
27.84,06/25/2002
28.42,06/26/2002
26.29,06/27/2002
25.4,06/28/2002
27.11,07/01/2002
28.96,07/02/2002
29.42,07/03/2002
27.11,07/05/2002
28.25,07/08/2002
30.22,07/09/2002
34.1,07/10/2002
33.85,07/11/2002
32.94,07/12/2002
35.03,07/15/2002
36.65,07/16/2002
35.45,07/17/2002
35.12,07/18/2002
38.17,07/19/2002
41.87,07/22/2002
44.92,07/23/2002
39.86,07/24/2002
39.27,07/25/2002
35.51,07/26/2002
31.33,07/29/2002
31.92,07/30/2002
32.03,07/31/2002
36.95,08/01/2002
41.29,08/02/2002
45.08,08/05/2002
42.03,08/06/2002
38.73,08/07/2002
36.33,08/08/2002
35.33,08/09/2002
37.05,08/12/2002
35.82,08/13/2002
32.36,08/14/2002
29.43,08/15/2002
28.81,08/16/2002
28.61,08/19/2002
29.59,08/20/2002
28.23,08/21/2002
27.75,08/22/2002
29.32,08/23/2002
29.89,08/26/2002
30.11,08/27/2002
33.32,08/28/2002
33.67,08/29/2002
32.64,08/30/2002
39.97,09/03/2002
37.44,09/04/2002
38.86,09/05/2002
36.33,09/06/2002
36.45,09/09/2002
35.08,09/10/2002
34.81,09/11/2002
37.5,09/12/2002
35.82,09/13/2002
36.74,09/16/2002
38.01,09/17/2002
37.52,09/18/2002
40.65,09/19/2002
38.98,09/20/2002
39.68,09/23/2002
40.52,09/24/2002
37.33,09/25/2002
34.6,09/26/2002
36.97,09/27/2002
39.69,09/30/2002
34.12,10/01/2002
36.83,10/02/2002
37.31,10/03/2002
39.46,10/04/2002
42.64,10/07/2002
41.02,10/08/2002
42.13,10/09/2002
37.55,10/10/2002
35.7,10/11/2002
36.04,10/14/2002
34.02,10/15/2002
36,10/16/2002
34.1,10/17/2002
33.53,10/18/2002
33.11,10/21/2002
34.09,10/22/2002
33.2,10/23/2002
34.03,10/24/2002
30,10/25/2002
31.07,10/28/2002
32.27,10/29/2002
31.23,10/30/2002
31.14,10/31/2002
29.3,11/01/2002
30.82,11/04/2002
31.23,11/05/2002
30.73,11/06/2002
31.42,11/07/2002
29.41,11/08/2002
31.3,11/11/2002
30.58,11/12/2002
31.24,11/13/2002
28.67,11/14/2002
26.65,11/15/2002
27.66,11/18/2002
27.41,11/19/2002
25.32,11/20/2002
23.81,11/21/2002
23.16,11/22/2002
24.07,11/25/2002
25.97,11/26/2002
27.25,11/27/2002
27.5,11/29/2002
27.46,12/02/2002
28.33,12/03/2002
28.92,12/04/2002
30.1,12/05/2002
28.88,12/06/2002
30.78,12/09/2002
28.76,12/10/2002
27.76,12/11/2002
27.29,12/12/2002
28.18,12/13/2002
26.24,12/16/2002
26.66,12/17/2002
28.29,12/18/2002
30.21,12/19/2002
26.71,12/20/2002
26.2,12/23/2002
26.49,12/24/2002
27.37,12/26/2002
29.55,12/27/2002
29.62,12/30/2002
28.62,12/31/2002
25.39,01/02/2003
24.68,01/03/2003
24.91,01/06/2003
25.13,01/07/2003
25.53,01/08/2003
24.25,01/09/2003
24.32,01/10/2003
24.9,01/13/2003
24.57,01/14/2003
25.51,01/15/2003
25.01,01/16/2003
25.7,01/17/2003
27.59,01/21/2003
29.01,01/22/2003
27.53,01/23/2003
31.51,01/24/2003
34.69,01/27/2003
31.93,01/28/2003
31.26,01/29/2003
31.32,01/30/2003
31.17,01/31/2003
31.02,02/03/2003
32.76,02/04/2003
33.04,02/05/2003
33.35,02/06/2003
34.01,02/07/2003
33.99,02/10/2003
33.68,02/11/2003
34.33,02/12/2003
33.7,02/13/2003
32.62,02/14/2003
31.11,02/18/2003
31.31,02/19/2003
31.16,02/20/2003
30.25,02/21/2003
31.98,02/24/2003
31.74,02/25/2003
31.94,02/26/2003
30.53,02/27/2003
29.63,02/28/2003
30.43,03/03/2003
31.83,03/04/2003
30.38,03/05/2003
31.37,03/06/2003
31.08,03/07/2003
33.31,03/10/2003
33.61,03/11/2003
33.51,03/12/2003
31.76,03/13/2003
30.98,03/14/2003
31.75,03/17/2003
30.43,03/18/2003
31.54,03/19/2003
30.44,03/20/2003
28.67,03/21/2003
30.39,03/24/2003
28.75,03/25/2003
28.23,03/26/2003
27.96,03/27/2003
27.75,03/28/2003
29.15,03/31/2003
28.36,04/01/2003
28.02,04/02/2003
28.21,04/03/2003
29.13,04/04/2003
28.45,04/07/2003
27.13,04/08/2003
27.11,04/09/2003
25.6,04/10/2003
24.44,04/11/2003
23.41,04/14/2003
22.56,04/15/2003
22.52,04/16/2003
21.5,04/17/2003
21.95,04/21/2003
20.7,04/22/2003
20.8,04/23/2003
20.33,04/24/2003
20.8,04/25/2003
20.84,04/28/2003
20.76,04/29/2003
21.21,04/30/2003
21.59,05/01/2003
20.63,05/02/2003
21.13,05/05/2003
20.8,05/06/2003
21,05/07/2003
21.24,05/08/2003
19.69,05/09/2003
19.52,05/12/2003
19.91,05/13/2003
20,05/14/2003
19.24,05/15/2003
18.4,05/16/2003
20.51,05/19/2003
21.29,05/20/2003
21.21,05/21/2003
19.78,05/22/2003
19.17,05/23/2003
19.99,05/27/2003
20.03,05/28/2003
20.43,05/29/2003
19.47,05/30/2003
20.85,06/02/2003
20.84,06/03/2003
20.62,06/04/2003
20.83,06/05/2003
21.25,06/06/2003
22.15,06/09/2003
20.64,06/10/2003
20.21,06/11/2003
20.41,06/12/2003
20.66,06/13/2003
20.22,06/16/2003
20.01,06/17/2003
19.76,06/18/2003
19.8,06/19/2003
19.14,06/20/2003
20.58,06/23/2003
20.75,06/24/2003
20.81,06/25/2003
19.4,06/26/2003
19.16,06/27/2003
19.52,06/30/2003
19.46,07/01/2003
19.03,07/02/2003
19.39,07/03/2003
20.06,07/07/2003
19.48,07/08/2003
18.93,07/09/2003
19.19,07/10/2003
18.47,07/11/2003
19.59,07/14/2003
19.55,07/15/2003
19.76,07/16/2003
20.22,07/17/2003
19.11,07/18/2003
19.78,07/21/2003
19.17,07/22/2003
18.64,07/23/2003
18.6,07/24/2003
17.75,07/25/2003
18.36,07/28/2003
18.67,07/29/2003
18.85,07/30/2003
19.49,07/31/2003
20.75,08/01/2003
21.27,08/04/2003
22.68,08/05/2003
21.5,08/06/2003
20.26,08/07/2003
19.59,08/08/2003
19.75,08/11/2003
17.94,08/12/2003
18.77,08/13/2003
18.47,08/14/2003
18.27,08/15/2003
18.18,08/18/2003
17.86,08/19/2003
17.82,08/20/2003
17.84,08/21/2003
18.55,08/22/2003
19.53,08/25/2003
19.49,08/26/2003
19.13,08/27/2003
18.48,08/28/2003
18.63,08/29/2003
19.02,09/02/2003
19.44,09/03/2003
18.71,09/04/2003
18.17,09/05/2003
18.26,09/08/2003
18.85,09/09/2003
20.01,09/10/2003
19.25,09/11/2003
18.68,09/12/2003
19.28,09/15/2003
18.03,09/16/2003
18.15,09/17/2003
17.57,09/18/2003
17.54,09/19/2003
19.65,09/22/2003
19.47,09/23/2003
21.22,09/24/2003
22.26,09/25/2003
22.23,09/26/2003
21.67,09/29/2003
22.72,09/30/2003
21.07,10/01/2003
20.8,10/02/2003
19.5,10/03/2003
19.51,10/06/2003
19.41,10/07/2003
19.18,10/08/2003
18.82,10/09/2003
18.45,10/10/2003
17.55,10/13/2003
17.37,10/14/2003
17.69,10/15/2003
17.19,10/16/2003
17.62,10/17/2003
17.04,10/20/2003
16.55,10/21/2003
17.67,10/22/2003
17.68,10/23/2003
17.71,10/24/2003
18.05,10/27/2003
16.82,10/28/2003
16.43,10/29/2003
16.33,10/30/2003
16.1,10/31/2003
16.55,11/03/2003
16.55,11/04/2003
16.86,11/05/2003
16.74,11/06/2003
16.93,11/07/2003
17.62,11/10/2003
17.54,11/11/2003
16.75,11/12/2003
16.47,11/13/2003
16.94,11/14/2003
18.6,11/17/2003
19.11,11/18/2003
18.8,11/19/2003
19.48,11/20/2003
18.98,11/21/2003
17.44,11/24/2003
16.71,11/25/2003
16.23,11/26/2003
16.32,11/28/2003
16.77,12/01/2003
16.27,12/02/2003
16.63,12/03/2003
16.3,12/04/2003
17.09,12/05/2003
16.54,12/08/2003
17.63,12/09/2003
17.87,12/10/2003
16.73,12/11/2003
16.41,12/12/2003
17.23,12/15/2003
15.93,12/16/2003
15.58,12/17/2003
16.16,12/18/2003
16.42,12/19/2003
16.94,12/22/2003
16.49,12/23/2003
16.66,12/24/2003
17.45,12/26/2003
17.09,12/29/2003
17.68,12/30/2003
18.31,12/31/2003
18.22,01/02/2004
17.49,01/05/2004
16.73,01/06/2004
15.5,01/07/2004
15.61,01/08/2004
16.75,01/09/2004
16.82,01/12/2004
18.04,01/13/2004
16.75,01/14/2004
15.56,01/15/2004
15,01/16/2004
15.21,01/20/2004
14.34,01/21/2004
14.71,01/22/2004
14.84,01/23/2004
14.55,01/26/2004
15.35,01/27/2004
16.78,01/28/2004
17.14,01/29/2004
16.63,01/30/2004
17.11,02/02/2004
17.34,02/03/2004
17.87,02/04/2004
17.71,02/05/2004
16,02/06/2004
16.39,02/09/2004
15.94,02/10/2004
15.39,02/11/2004
15.31,02/12/2004
15.58,02/13/2004
15.4,02/17/2004
15.59,02/18/2004
15.8,02/19/2004
16.04,02/20/2004
16.29,02/23/2004
15.9,02/24/2004
14.93,02/25/2004
14.83,02/26/2004
14.55,02/27/2004
14.44,03/01/2004
14.86,03/02/2004
14.55,03/03/2004
14.4,03/04/2004
14.48,03/05/2004
15.79,03/08/2004
16.6,03/09/2004
18.67,03/10/2004
20.67,03/11/2004
18.3,03/12/2004
21.13,03/15/2004
20.34,03/16/2004
18.11,03/17/2004
18.53,03/18/2004
19.15,03/19/2004
21.58,03/22/2004
20.67,03/23/2004
19.81,03/24/2004
17.88,03/25/2004
17.33,03/26/2004
16.5,03/29/2004
16.28,03/30/2004
16.74,03/31/2004
16.65,04/01/2004
15.64,04/02/2004
14.97,04/05/2004
15.32,04/06/2004
15.76,04/07/2004
16.26,04/08/2004
15.28,04/12/2004
17.26,04/13/2004
15.62,04/14/2004
15.74,04/15/2004
14.94,04/16/2004
15.42,04/19/2004
16.67,04/20/2004
15.6,04/21/2004
14.61,04/22/2004
14.01,04/23/2004
14.77,04/26/2004
15.07,04/27/2004
16.29,04/28/2004
16.6,04/29/2004
17.19,04/30/2004
16.62,05/03/2004
16.55,05/04/2004
15.77,05/05/2004
17.05,05/06/2004
18.13,05/07/2004
19.77,05/10/2004
18.57,05/11/2004
18.14,05/12/2004
18.86,05/13/2004
18.47,05/14/2004
19.96,05/17/2004
19.33,05/18/2004
18.93,05/19/2004
18.67,05/20/2004
18.49,05/21/2004
18.08,05/24/2004
15.96,05/25/2004
15.97,05/26/2004
15.28,05/27/2004
15.5,05/28/2004
16.3,06/01/2004
16.08,06/02/2004
17.03,06/03/2004
16.78,06/04/2004
15.39,06/07/2004
15.01,06/08/2004
15.39,06/09/2004
15.04,06/10/2004
16.07,06/14/2004
15.05,06/15/2004
14.79,06/16/2004
15.15,06/17/2004
14.99,06/18/2004
15.26,06/21/2004
14.31,06/22/2004
13.98,06/23/2004
14.81,06/24/2004
15.19,06/25/2004
16.07,06/28/2004
15.47,06/29/2004
14.34,06/30/2004
15.2,07/01/2004
15.08,07/02/2004
16.25,07/06/2004
15.81,07/07/2004
16.2,07/08/2004
15.78,07/09/2004
14.96,07/12/2004
14.46,07/13/2004
13.76,07/14/2004
14.71,07/15/2004
14.34,07/16/2004
15.17,07/19/2004
14.17,07/20/2004
16.41,07/21/2004
15.75,07/22/2004
16.5,07/23/2004
17.3,07/26/2004
16.55,07/27/2004
16.15,07/28/2004
15.68,07/29/2004
15.32,07/30/2004
15.37,08/02/2004
16.03,08/03/2004
16.21,08/04/2004
18.32,08/05/2004
19.34,08/06/2004
18.89,08/09/2004
17.47,08/10/2004
18.04,08/11/2004
19.08,08/12/2004
17.98,08/13/2004
17.57,08/16/2004
17.02,08/17/2004
16.23,08/18/2004
16.96,08/19/2004
16,08/20/2004
15.88,08/23/2004
15.33,08/24/2004
14.98,08/25/2004
14.91,08/26/2004
14.71,08/27/2004
15.44,08/30/2004
15.29,08/31/2004
14.91,09/01/2004
14.28,09/02/2004
13.91,09/03/2004
14.07,09/07/2004
14.06,09/08/2004
14.01,09/09/2004
13.76,09/10/2004
13.17,09/13/2004
13.56,09/14/2004
14.64,09/15/2004
14.39,09/16/2004
14.03,09/17/2004
14.43,09/20/2004
13.66,09/21/2004
14.74,09/22/2004
14.8,09/23/2004
14.28,09/24/2004
14.62,09/27/2004
13.83,09/28/2004
13.21,09/29/2004
13.34,09/30/2004
12.75,10/01/2004
13.41,10/04/2004
13.95,10/05/2004
13.28,10/06/2004
14.5,10/07/2004
15.05,10/08/2004
14.71,10/11/2004
15.05,10/12/2004
15.42,10/13/2004
16.43,10/14/2004
15.04,10/15/2004
14.71,10/18/2004
15.13,10/19/2004
14.85,10/20/2004
14.54,10/21/2004
15.28,10/22/2004
16.58,10/25/2004
16.39,10/26/2004
15.72,10/27/2004
15.39,10/28/2004
16.27,10/29/2004
16.27,11/01/2004
16.18,11/02/2004
14.04,11/03/2004
13.97,11/04/2004
13.84,11/05/2004
13.8,11/08/2004
13.61,11/09/2004
13.08,11/10/2004
13.04,11/11/2004
13.33,11/12/2004
13.38,11/15/2004
13.21,11/16/2004
13.21,11/17/2004
12.98,11/18/2004
13.5,11/19/2004
12.97,11/22/2004
12.67,11/23/2004
12.72,11/24/2004
12.78,11/26/2004
13.3,11/29/2004
13.24,11/30/2004
12.97,12/01/2004
12.98,12/02/2004
12.96,12/03/2004
13.19,12/06/2004
13.67,12/07/2004
13.19,12/08/2004
12.88,12/09/2004
12.76,12/10/2004
12.54,12/13/2004
12.73,12/14/2004
12.35,12/15/2004
12.27,12/16/2004
11.95,12/17/2004
11.83,12/20/2004
11.55,12/21/2004
11.45,12/22/2004
11.23,12/23/2004
12.14,12/27/2004
12,12/28/2004
11.62,12/29/2004
12.56,12/30/2004
13.29,12/31/2004
14.08,01/03/2005
13.98,01/04/2005
14.09,01/05/2005
13.58,01/06/2005
13.49,01/07/2005
13.23,01/10/2005
13.19,01/11/2005
12.56,01/12/2005
12.84,01/13/2005
12.43,01/14/2005
12.47,01/18/2005
13.18,01/19/2005
13.83,01/20/2005
14.36,01/21/2005
14.65,01/24/2005
14.06,01/25/2005
13.44,01/26/2005
13.24,01/27/2005
13.24,01/28/2005
12.82,01/31/2005
12.03,02/01/2005
11.66,02/02/2005
11.79,02/03/2005
11.21,02/04/2005
11.73,02/07/2005
11.6,02/08/2005
12,02/09/2005
11.51,02/10/2005
11.43,02/11/2005
11.52,02/14/2005
11.27,02/15/2005
11.1,02/16/2005
11.77,02/17/2005
11.18,02/18/2005
13.14,02/22/2005
12.39,02/23/2005
11.57,02/24/2005
11.49,02/25/2005
12.08,02/28/2005
12.04,03/01/2005
12.5,03/02/2005
12.93,03/03/2005
11.94,03/04/2005
12.26,03/07/2005
12.4,03/08/2005
12.7,03/09/2005
12.49,03/10/2005
12.8,03/11/2005
12.39,03/14/2005
13.15,03/15/2005
13.49,03/16/2005
13.29,03/17/2005
13.14,03/18/2005
13.61,03/21/2005
14.27,03/22/2005
14.06,03/23/2005
13.42,03/24/2005
13.75,03/28/2005
14.49,03/29/2005
13.64,03/30/2005
14.02,03/31/2005
14.09,04/01/2005
14.11,04/04/2005
13.68,04/05/2005
13.15,04/06/2005
12.33,04/07/2005
12.62,04/08/2005
11.98,04/11/2005
11.3,04/12/2005
13.31,04/13/2005
14.53,04/14/2005
17.74,04/15/2005
16.56,04/18/2005
14.96,04/19/2005
16.92,04/20/2005
14.41,04/21/2005
15.38,04/22/2005
14.62,04/25/2005
14.91,04/26/2005
14.87,04/27/2005
16.86,04/28/2005
15.31,04/29/2005
15.12,05/02/2005
14.53,05/03/2005
13.85,05/04/2005
13.98,05/05/2005
14.05,05/06/2005
13.75,05/09/2005
14.91,05/10/2005
14.45,05/11/2005
16.12,05/12/2005
16.32,05/13/2005
15.68,05/16/2005
14.57,05/17/2005
13.63,05/18/2005
13.32,05/19/2005
13.14,05/20/2005
12.95,05/23/2005
12.69,05/24/2005
12.58,05/25/2005
12.24,05/26/2005
12.15,05/27/2005
13.29,05/31/2005
12.36,06/01/2005
11.84,06/02/2005
12.15,06/03/2005
12.28,06/06/2005
12.39,06/07/2005
12.7,06/08/2005
12.08,06/09/2005
11.96,06/10/2005
11.65,06/13/2005
11.79,06/14/2005
11.46,06/15/2005
11.15,06/16/2005
11.48,06/17/2005
11.47,06/20/2005
11.08,06/21/2005
11.05,06/22/2005
12.13,06/23/2005
12.18,06/24/2005
12.52,06/27/2005
11.58,06/28/2005
11.77,06/29/2005
12.04,06/30/2005
11.4,07/01/2005
11.68,07/05/2005
12.27,07/06/2005
12.49,07/07/2005
11.45,07/08/2005
11.28,07/11/2005
10.95,07/12/2005
10.84,07/13/2005
10.81,07/14/2005
10.33,07/15/2005
10.77,07/18/2005
10.45,07/19/2005
10.23,07/20/2005
10.97,07/21/2005
10.52,07/22/2005
11.1,07/25/2005
10.99,07/26/2005
10.36,07/27/2005
10.52,07/28/2005
11.57,07/29/2005
12.08,08/01/2005
11.75,08/02/2005
11.83,08/03/2005
12.52,08/04/2005
12.48,08/05/2005
13.21,08/08/2005
12.4,08/09/2005
12.38,08/10/2005
12.42,08/11/2005
12.74,08/12/2005
12.26,08/15/2005
13.52,08/16/2005
13.3,08/17/2005
13.42,08/18/2005
13.42,08/19/2005
13.42,08/22/2005
13.34,08/23/2005
14.17,08/24/2005
13.73,08/25/2005
13.72,08/26/2005
13.52,08/29/2005
13.65,08/30/2005
12.6,08/31/2005
13.15,09/01/2005
13.57,09/02/2005
12.93,09/06/2005
12.52,09/07/2005
12.93,09/08/2005
11.98,09/09/2005
11.65,09/12/2005
12.39,09/13/2005
12.91,09/14/2005
12.49,09/15/2005
11.22,09/16/2005
12.14,09/19/2005
12.64,09/20/2005
13.79,09/21/2005
13.33,09/22/2005
12.96,09/23/2005
13.04,09/26/2005
12.76,09/27/2005
12.63,09/28/2005
12.24,09/29/2005
11.92,09/30/2005
12.46,10/03/2005
13.2,10/04/2005
14.55,10/05/2005
14.96,10/06/2005
14.59,10/07/2005
15.55,10/10/2005
15.63,10/11/2005
16.22,10/12/2005
16.47,10/13/2005
14.87,10/14/2005
14.67,10/17/2005
15.33,10/18/2005
13.5,10/19/2005
16.11,10/20/2005
16.13,10/21/2005
14.74,10/24/2005
14.53,10/25/2005
14.59,10/26/2005
16.02,10/27/2005
14.25,10/28/2005
15.32,10/31/2005
14.85,11/01/2005
13.48,11/02/2005
13,11/03/2005
13.17,11/04/2005
13.1,11/07/2005
13.08,11/08/2005
12.8,11/09/2005
11.9,11/10/2005
11.63,11/11/2005
12.18,11/14/2005
12.23,11/15/2005
12.26,11/16/2005
11.25,11/17/2005
11.12,11/18/2005
10.82,11/21/2005
10.6,11/22/2005
10.96,11/23/2005
10.88,11/25/2005
11.84,11/28/2005
11.89,11/29/2005
12.06,11/30/2005
11.24,12/01/2005
11.01,12/02/2005
11.6,12/05/2005
11.52,12/06/2005
12.18,12/07/2005
12.21,12/08/2005
11.69,12/09/2005
11.47,12/12/2005
11.11,12/13/2005
10.48,12/14/2005
10.73,12/15/2005
10.68,12/16/2005
11.38,12/19/2005
11.19,12/20/2005
10.81,12/21/2005
10.29,12/22/2005
10.27,12/23/2005
11.57,12/27/2005
11.35,12/28/2005
11.61,12/29/2005
12.07,12/30/2005
11.14,01/03/2006
11.37,01/04/2006
11.31,01/05/2006
11,01/06/2006
11.13,01/09/2006
10.86,01/10/2006
10.94,01/11/2006
11.2,01/12/2006
11.23,01/13/2006
11.91,01/17/2006
12.25,01/18/2006
11.98,01/19/2006
14.56,01/20/2006
13.93,01/23/2006
13.31,01/24/2006
12.87,01/25/2006
12.42,01/26/2006
11.97,01/27/2006
12.39,01/30/2006
12.95,01/31/2006
12.36,02/01/2006
13.23,02/02/2006
12.96,02/03/2006
13.04,02/06/2006
13.59,02/07/2006
12.83,02/08/2006
13.12,02/09/2006
12.87,02/10/2006
13.35,02/13/2006
12.25,02/14/2006
12.31,02/15/2006
11.48,02/16/2006
12.01,02/17/2006
12.41,02/21/2006
11.88,02/22/2006
11.87,02/23/2006
11.46,02/24/2006
11.59,02/27/2006
12.34,02/28/2006
11.54,03/01/2006
11.72,03/02/2006
11.96,03/03/2006
12.74,03/06/2006
12.66,03/07/2006
12.32,03/08/2006
12.68,03/09/2006
11.85,03/10/2006
11.37,03/13/2006
10.74,03/14/2006
11.35,03/15/2006
11.98,03/16/2006
12.12,03/17/2006
11.79,03/20/2006
11.62,03/21/2006
11.21,03/22/2006
11.17,03/23/2006
11.19,03/24/2006
11.46,03/27/2006
11.58,03/28/2006
10.95,03/29/2006
11.57,03/30/2006
11.39,03/31/2006
11.57,04/03/2006
11.14,04/04/2006
11.13,04/05/2006
11.45,04/06/2006
12.26,04/07/2006
12.19,04/10/2006
13,04/11/2006
12.76,04/12/2006
12.38,04/13/2006
12.58,04/17/2006
11.4,04/18/2006
11.32,04/19/2006
11.64,04/20/2006
11.59,04/21/2006
11.75,04/24/2006
11.75,04/25/2006
11.76,04/26/2006
11.84,04/27/2006
11.59,04/28/2006
12.54,05/01/2006
11.99,05/02/2006
11.99,05/03/2006
11.86,05/04/2006
11.62,05/05/2006
12,05/08/2006
11.99,05/09/2006
11.78,05/10/2006
12.49,05/11/2006
14.19,05/12/2006
13.57,05/15/2006
13.35,05/16/2006
16.26,05/17/2006
16.99,05/18/2006
17.18,05/19/2006
17.72,05/22/2006
18.26,05/23/2006
17.36,05/24/2006
15.5,05/25/2006
14.26,05/26/2006
18.66,05/30/2006
16.44,05/31/2006
14.52,06/01/2006
14.32,06/02/2006
16.65,06/05/2006
17.34,06/06/2006
17.8,06/07/2006
18.35,06/08/2006
18.12,06/09/2006
20.96,06/12/2006
23.81,06/13/2006
21.46,06/14/2006
15.9,06/15/2006
17.25,06/16/2006
17.83,06/19/2006
16.69,06/20/2006
15.52,06/21/2006
15.88,06/22/2006
15.89,06/23/2006
15.62,06/26/2006
16.4,06/27/2006
15.79,06/28/2006
13.03,06/29/2006
13.08,06/30/2006
13.05,07/03/2006
14.15,07/05/2006
13.65,07/06/2006
13.97,07/07/2006
14.02,07/10/2006
13.14,07/11/2006
14.49,07/12/2006
17.79,07/13/2006
18.05,07/14/2006
18.64,07/17/2006
17.74,07/18/2006
15.55,07/19/2006
16.21,07/20/2006
17.4,07/21/2006
14.98,07/24/2006
14.85,07/25/2006
14.62,07/26/2006
14.94,07/27/2006
14.33,07/28/2006
14.95,07/31/2006
15.05,08/01/2006
14.34,08/02/2006
14.46,08/03/2006
14.34,08/04/2006
15.23,08/07/2006
15.23,08/08/2006
15.2,08/09/2006
14.46,08/10/2006
14.3,08/11/2006
14.26,08/14/2006
13.42,08/15/2006
12.41,08/16/2006
12.24,08/17/2006
11.64,08/18/2006
12.22,08/21/2006
12.19,08/22/2006
12.4,08/23/2006
12.4,08/24/2006
12.31,08/25/2006
12.18,08/28/2006
12.28,08/29/2006
12.22,08/30/2006
12.31,08/31/2006
11.96,09/01/2006
12.63,09/05/2006
13.74,09/06/2006
13.88,09/07/2006
13.16,09/08/2006
12.99,09/11/2006
11.92,09/12/2006
11.18,09/13/2006
11.55,09/14/2006
11.76,09/15/2006
11.78,09/18/2006
11.98,09/19/2006
11.39,09/20/2006
12.25,09/21/2006
12.59,09/22/2006
12.12,09/25/2006
11.53,09/26/2006
11.58,09/27/2006
11.72,09/28/2006
11.98,09/29/2006
12.57,10/02/2006
12.24,10/03/2006
11.86,10/04/2006
11.98,10/05/2006
11.56,10/06/2006
11.68,10/09/2006
11.52,10/10/2006
11.62,10/11/2006
11.09,10/12/2006
10.75,10/13/2006
11.09,10/16/2006
11.73,10/17/2006
11.34,10/18/2006
10.9,10/19/2006
10.63,10/20/2006
11.08,10/23/2006
10.78,10/24/2006
10.66,10/25/2006
10.56,10/26/2006
10.8,10/27/2006
11.2,10/30/2006
11.1,10/31/2006
11.51,11/01/2006
11.42,11/02/2006
11.16,11/03/2006
11.16,11/06/2006
11.09,11/07/2006
10.75,11/08/2006
11.01,11/09/2006
10.79,11/10/2006
10.86,11/13/2006
10.5,11/14/2006
10.31,11/15/2006
10.16,11/16/2006
10.05,11/17/2006
9.97,11/20/2006
9.9,11/21/2006
10.14,11/22/2006
10.73,11/24/2006
12.3,11/27/2006
11.62,11/28/2006
10.83,11/29/2006
10.91,11/30/2006
11.66,12/01/2006
11.23,12/04/2006
11.27,12/05/2006
11.33,12/06/2006
12.67,12/07/2006
12.07,12/08/2006
10.71,12/11/2006
10.65,12/12/2006
10.18,12/13/2006
9.97,12/14/2006
10.05,12/15/2006
10.6,12/18/2006
10.3,12/19/2006
10.26,12/20/2006
10.53,12/21/2006
11.36,12/22/2006
11.26,12/26/2006
10.64,12/27/2006
10.99,12/28/2006
11.56,12/29/2006
12.04,01/03/2007
11.51,01/04/2007
12.14,01/05/2007
12,01/08/2007
11.91,01/09/2007
11.47,01/10/2007
10.87,01/11/2007
10.15,01/12/2007
10.74,01/16/2007
10.59,01/17/2007
10.85,01/18/2007
10.4,01/19/2007
10.77,01/22/2007
10.34,01/23/2007
9.89,01/24/2007
11.22,01/25/2007
11.13,01/26/2007
11.45,01/29/2007
10.96,01/30/2007
10.42,01/31/2007
10.31,02/01/2007
10.08,02/02/2007
10.55,02/05/2007
10.65,02/06/2007
10.32,02/07/2007
10.44,02/08/2007
11.1,02/09/2007
11.61,02/12/2007
10.34,02/13/2007
10.23,02/14/2007
10.22,02/15/2007
10.02,02/16/2007
10.24,02/20/2007
10.2,02/21/2007
10.18,02/22/2007
10.58,02/23/2007
11.15,02/26/2007
18.31,02/27/2007
15.42,02/28/2007
15.82,03/01/2007
18.61,03/02/2007
19.63,03/05/2007
15.96,03/06/2007
15.24,03/07/2007
14.29,03/08/2007
14.09,03/09/2007
13.99,03/12/2007
18.13,03/13/2007
17.27,03/14/2007
16.43,03/15/2007
16.79,03/16/2007
14.59,03/19/2007
13.27,03/20/2007
12.19,03/21/2007
12.93,03/22/2007
12.95,03/23/2007
13.16,03/26/2007
13.48,03/27/2007
14.98,03/28/2007
15.14,03/29/2007
14.64,03/30/2007
14.53,04/02/2007
13.46,04/03/2007
13.24,04/04/2007
13.23,04/05/2007
13.14,04/09/2007
12.68,04/10/2007
13.49,04/11/2007
12.71,04/12/2007
12.2,04/13/2007
11.98,04/16/2007
12.14,04/17/2007
12.42,04/18/2007
12.54,04/19/2007
12.07,04/20/2007
13.04,04/23/2007
13.12,04/24/2007
13.21,04/25/2007
12.79,04/26/2007
12.45,04/27/2007
14.22,04/30/2007
13.51,05/01/2007
13.08,05/02/2007
13.09,05/03/2007
12.91,05/04/2007
13.15,05/07/2007
13.21,05/08/2007
12.88,05/09/2007
13.6,05/10/2007
12.95,05/11/2007
13.96,05/14/2007
14.01,05/15/2007
13.5,05/16/2007
13.51,05/17/2007
12.76,05/18/2007
13.3,05/21/2007
13.06,05/22/2007
13.24,05/23/2007
14.08,05/24/2007
13.34,05/25/2007
13.53,05/29/2007
12.83,05/30/2007
13.05,05/31/2007
12.78,06/01/2007
13.29,06/04/2007
13.63,06/05/2007
14.87,06/06/2007
17.06,06/07/2007
14.84,06/08/2007
14.71,06/11/2007
16.67,06/12/2007
14.73,06/13/2007
13.64,06/14/2007
13.94,06/15/2007
13.42,06/18/2007
12.85,06/19/2007
14.67,06/20/2007
14.21,06/21/2007
15.75,06/22/2007
16.65,06/25/2007
18.89,06/26/2007
15.53,06/27/2007
15.54,06/28/2007
16.23,06/29/2007
15.4,07/02/2007
14.92,07/03/2007
15.48,07/05/2007
14.72,07/06/2007
15.16,07/09/2007
17.57,07/10/2007
16.64,07/11/2007
15.54,07/12/2007
15.15,07/13/2007
15.59,07/16/2007
15.63,07/17/2007
16,07/18/2007
15.23,07/19/2007
16.95,07/20/2007
16.81,07/23/2007
18.55,07/24/2007
18.1,07/25/2007
20.74,07/26/2007
24.17,07/27/2007
20.87,07/30/2007
23.52,07/31/2007
23.67,08/01/2007
21.22,08/02/2007
25.16,08/03/2007
22.94,08/06/2007
21.56,08/07/2007
21.45,08/08/2007
26.48,08/09/2007
28.3,08/10/2007
26.57,08/13/2007
27.68,08/14/2007
30.67,08/15/2007
30.83,08/16/2007
29.99,08/17/2007
26.33,08/20/2007
25.25,08/21/2007
22.89,08/22/2007
22.62,08/23/2007
20.72,08/24/2007
22.72,08/27/2007
26.3,08/28/2007
23.81,08/29/2007
25.06,08/30/2007
23.38,08/31/2007
22.78,09/04/2007
24.58,09/05/2007
23.99,09/06/2007
26.23,09/07/2007
27.38,09/10/2007
25.27,09/11/2007
24.96,09/12/2007
24.76,09/13/2007
24.92,09/14/2007
26.48,09/17/2007
20.35,09/18/2007
20.03,09/19/2007
20.45,09/20/2007
19,09/21/2007
19.37,09/24/2007
18.6,09/25/2007
17.63,09/26/2007
17,09/27/2007
18,09/28/2007
17.84,10/01/2007
18.49,10/02/2007
18.8,10/03/2007
18.44,10/04/2007
16.91,10/05/2007
17.46,10/08/2007
16.12,10/09/2007
16.67,10/10/2007
18.88,10/11/2007
17.73,10/12/2007
19.25,10/15/2007
20.02,10/16/2007
18.54,10/17/2007
18.5,10/18/2007
22.96,10/19/2007
21.64,10/22/2007
20.41,10/23/2007
20.8,10/24/2007
21.17,10/25/2007
19.56,10/26/2007
19.87,10/29/2007
21.07,10/30/2007
18.53,10/31/2007
23.21,11/01/2007
23.01,11/02/2007
24.31,11/05/2007
21.39,11/06/2007
26.49,11/07/2007
26.16,11/08/2007
28.5,11/09/2007
31.09,11/12/2007
24.1,11/13/2007
25.94,11/14/2007
28.06,11/15/2007
25.49,11/16/2007
26.01,11/19/2007
24.88,11/20/2007
26.84,11/21/2007
25.61,11/23/2007
28.91,11/26/2007
26.28,11/27/2007
24.11,11/28/2007
23.97,11/29/2007
22.87,11/30/2007
23.61,12/03/2007
23.79,12/04/2007
22.53,12/05/2007
20.96,12/06/2007
20.85,12/07/2007
20.74,12/10/2007
23.59,12/11/2007
22.47,12/12/2007
22.56,12/13/2007
23.27,12/14/2007
24.52,12/17/2007
22.64,12/18/2007
21.68,12/19/2007
20.58,12/20/2007
18.47,12/21/2007
18.6,12/24/2007
18.66,12/26/2007
20.26,12/27/2007
20.74,12/28/2007
22.5,12/31/2007
23.17,01/02/2008
22.49,01/03/2008
23.94,01/04/2008
23.79,01/07/2008
25.43,01/08/2008
24.12,01/09/2008
23.45,01/10/2008
23.68,01/11/2008
22.9,01/14/2008
23.34,01/15/2008
24.38,01/16/2008
28.46,01/17/2008
27.18,01/18/2008
31.01,01/22/2008
29.02,01/23/2008
27.78,01/24/2008
29.08,01/25/2008
27.78,01/28/2008
27.32,01/29/2008
27.62,01/30/2008
26.2,01/31/2008
24.02,02/01/2008
25.99,02/04/2008
28.24,02/05/2008
28.97,02/06/2008
27.66,02/07/2008
28.01,02/08/2008
27.6,02/11/2008
26.33,02/12/2008
24.88,02/13/2008
25.54,02/14/2008
25.02,02/15/2008
25.59,02/19/2008
24.4,02/20/2008
25.12,02/21/2008
24.06,02/22/2008
23.03,02/25/2008
21.9,02/26/2008
22.69,02/27/2008
23.53,02/28/2008
26.54,02/29/2008
26.28,03/03/2008
25.52,03/04/2008
24.6,03/05/2008
27.55,03/06/2008
27.49,03/07/2008
29.38,03/10/2008
26.36,03/11/2008
27.22,03/12/2008
27.29,03/13/2008
31.16,03/14/2008
32.24,03/17/2008
25.79,03/18/2008
29.84,03/19/2008
26.62,03/20/2008
25.73,03/24/2008
25.72,03/25/2008
26.08,03/26/2008
25.88,03/27/2008
25.71,03/28/2008
25.61,03/31/2008
22.68,04/01/2008
23.43,04/02/2008
23.21,04/03/2008
22.45,04/04/2008
22.42,04/07/2008
22.36,04/08/2008
22.81,04/09/2008
21.98,04/10/2008
23.46,04/11/2008
23.82,04/14/2008
22.78,04/15/2008
20.53,04/16/2008
20.37,04/17/2008
20.13,04/18/2008
20.5,04/21/2008
20.87,04/22/2008
20.26,04/23/2008
20.06,04/24/2008
19.59,04/25/2008
19.64,04/28/2008
20.24,04/29/2008
20.79,04/30/2008
18.88,05/01/2008
18.18,05/02/2008
18.9,05/05/2008
18.21,05/06/2008
19.73,05/07/2008
19.4,05/08/2008
19.41,05/09/2008
17.79,05/12/2008
17.98,05/13/2008
17.66,05/14/2008
16.3,05/15/2008
16.47,05/16/2008
17.01,05/19/2008
17.58,05/20/2008
18.59,05/21/2008
18.05,05/22/2008
19.55,05/23/2008
19.64,05/27/2008
19.07,05/28/2008
18.14,05/29/2008
17.83,05/30/2008
19.83,06/02/2008
20.24,06/03/2008
20.8,06/04/2008
18.63,06/05/2008
23.56,06/06/2008
23.12,06/09/2008
23.18,06/10/2008
24.12,06/11/2008
23.33,06/12/2008
21.22,06/13/2008
20.95,06/16/2008
21.13,06/17/2008
22.24,06/18/2008
21.58,06/19/2008
22.87,06/20/2008
22.64,06/23/2008
22.42,06/24/2008
21.14,06/25/2008
23.93,06/26/2008
23.44,06/27/2008
23.95,06/30/2008
23.65,07/01/2008
25.92,07/02/2008
24.78,07/03/2008
25.78,07/07/2008
23.15,07/08/2008
25.23,07/09/2008
25.59,07/10/2008
27.49,07/11/2008
28.48,07/14/2008
28.54,07/15/2008
25.1,07/16/2008
25.01,07/17/2008
24.05,07/18/2008
23.05,07/21/2008
21.18,07/22/2008
21.31,07/23/2008
23.44,07/24/2008
22.91,07/25/2008
24.23,07/28/2008
22.03,07/29/2008
21.21,07/30/2008
22.94,07/31/2008
22.57,08/01/2008
23.49,08/04/2008
21.14,08/05/2008
20.23,08/06/2008
21.15,08/07/2008
20.66,08/08/2008
20.12,08/11/2008
21.17,08/12/2008
21.55,08/13/2008
20.34,08/14/2008
19.58,08/15/2008
20.98,08/18/2008
21.28,08/19/2008
20.42,08/20/2008
19.82,08/21/2008
18.81,08/22/2008
20.97,08/25/2008
20.49,08/26/2008
19.76,08/27/2008
19.43,08/28/2008
20.65,08/29/2008
21.99,09/02/2008
21.43,09/03/2008
24.03,09/04/2008
23.06,09/05/2008
22.64,09/08/2008
25.47,09/09/2008
24.52,09/10/2008
24.39,09/11/2008
25.66,09/12/2008
31.7,09/15/2008
30.3,09/16/2008
36.22,09/17/2008
33.1,09/18/2008
32.07,09/19/2008
33.85,09/22/2008
35.72,09/23/2008
35.19,09/24/2008
32.82,09/25/2008
34.74,09/26/2008
46.72,09/29/2008
39.39,09/30/2008
39.81,10/01/2008
45.26,10/02/2008
45.14,10/03/2008
52.05,10/06/2008
53.68,10/07/2008
57.53,10/08/2008
63.92,10/09/2008
69.95,10/10/2008
54.99,10/13/2008
55.13,10/14/2008
69.25,10/15/2008
67.61,10/16/2008
70.33,10/17/2008
52.97,10/20/2008
53.11,10/21/2008
69.65,10/22/2008
67.8,10/23/2008
79.13,10/24/2008
80.06,10/27/2008
66.96,10/28/2008
69.96,10/29/2008
62.9,10/30/2008
59.89,10/31/2008
53.68,11/03/2008
47.73,11/04/2008
54.56,11/05/2008
63.68,11/06/2008
56.1,11/07/2008
59.98,11/10/2008
61.44,11/11/2008
66.46,11/12/2008
59.83,11/13/2008
66.31,11/14/2008
69.15,11/17/2008
67.64,11/18/2008
74.26,11/19/2008
80.86,11/20/2008
72.67,11/21/2008
64.7,11/24/2008
60.9,11/25/2008
54.92,11/26/2008
55.28,11/28/2008
68.51,12/01/2008
62.98,12/02/2008
60.72,12/03/2008
63.64,12/04/2008
59.93,12/05/2008
58.49,12/08/2008
58.91,12/09/2008
55.73,12/10/2008
55.78,12/11/2008
54.28,12/12/2008
56.76,12/15/2008
52.37,12/16/2008
49.84,12/17/2008
47.34,12/18/2008
44.93,12/19/2008
44.56,12/22/2008
45.02,12/23/2008
44.21,12/24/2008
43.38,12/26/2008
43.9,12/29/2008
41.63,12/30/2008
40,12/31/2008
39.19,01/02/2009
39.08,01/05/2009
38.56,01/06/2009
43.39,01/07/2009
42.56,01/08/2009
42.82,01/09/2009
45.84,01/12/2009
43.27,01/13/2009
49.14,01/14/2009
51,01/15/2009
46.11,01/16/2009
56.65,01/20/2009
46.42,01/21/2009
47.29,01/22/2009
47.27,01/23/2009
45.69,01/26/2009
42.25,01/27/2009
39.66,01/28/2009
42.63,01/29/2009
44.84,01/30/2009
45.52,02/02/2009
43.06,02/03/2009
43.85,02/04/2009
43.73,02/05/2009
43.37,02/06/2009
43.64,02/09/2009
46.67,02/10/2009
44.53,02/11/2009
41.25,02/12/2009
42.93,02/13/2009
48.66,02/17/2009
48.46,02/18/2009
47.08,02/19/2009
49.3,02/20/2009
52.62,02/23/2009
45.49,02/24/2009
44.67,02/25/2009
44.66,02/26/2009
46.35,02/27/2009
52.65,03/02/2009
50.93,03/03/2009
47.56,03/04/2009
50.17,03/05/2009
49.33,03/06/2009
49.68,03/09/2009
44.37,03/10/2009
43.61,03/11/2009
41.18,03/12/2009
42.36,03/13/2009
43.74,03/16/2009
40.8,03/17/2009
40.06,03/18/2009
43.68,03/19/2009
45.89,03/20/2009
43.23,03/23/2009
42.93,03/24/2009
42.25,03/25/2009
40.36,03/26/2009
41.04,03/27/2009
45.54,03/30/2009
44.14,03/31/2009
42.28,04/01/2009
42.04,04/02/2009
39.7,04/03/2009
40.93,04/06/2009
40.39,04/07/2009
38.85,04/08/2009
36.53,04/09/2009
37.81,04/13/2009
37.67,04/14/2009
36.17,04/15/2009
35.79,04/16/2009
33.94,04/17/2009
39.18,04/20/2009
37.14,04/21/2009
38.1,04/22/2009
37.15,04/23/2009
36.82,04/24/2009
38.32,04/27/2009
37.95,04/28/2009
36.08,04/29/2009
36.5,04/30/2009
35.3,05/01/2009
34.53,05/04/2009
33.36,05/05/2009
32.45,05/06/2009
33.44,05/07/2009
32.05,05/08/2009
32.87,05/11/2009
31.8,05/12/2009
33.65,05/13/2009
31.37,05/14/2009
33.12,05/15/2009
30.24,05/18/2009
28.8,05/19/2009
29.03,05/20/2009
31.35,05/21/2009
32.63,05/22/2009
30.62,05/26/2009
32.36,05/27/2009
31.67,05/28/2009
28.92,05/29/2009
30.04,06/01/2009
29.63,06/02/2009
31.02,06/03/2009
30.18,06/04/2009
29.62,06/05/2009
29.77,06/08/2009
28.27,06/09/2009
28.46,06/10/2009
28.11,06/11/2009
28.15,06/12/2009
30.81,06/15/2009
32.68,06/16/2009
31.54,06/17/2009
30.03,06/18/2009
27.99,06/19/2009
31.17,06/22/2009
30.58,06/23/2009
29.05,06/24/2009
26.36,06/25/2009
25.93,06/26/2009
25.35,06/29/2009
26.35,06/30/2009
26.22,07/01/2009
27.95,07/02/2009
29,07/06/2009
30.85,07/07/2009
31.3,07/08/2009
29.78,07/09/2009
29.02,07/10/2009
26.31,07/13/2009
25.02,07/14/2009
25.89,07/15/2009
25.42,07/16/2009
24.34,07/17/2009
24.4,07/20/2009
23.87,07/21/2009
23.47,07/22/2009
23.43,07/23/2009
23.09,07/24/2009
24.28,07/27/2009
25.01,07/28/2009
25.61,07/29/2009
25.4,07/30/2009
25.92,07/31/2009
25.56,08/03/2009
24.89,08/04/2009
24.9,08/05/2009
25.67,08/06/2009
24.76,08/07/2009
24.99,08/10/2009
25.99,08/11/2009
25.45,08/12/2009
24.71,08/13/2009
24.27,08/14/2009
27.89,08/17/2009
26.18,08/18/2009
26.26,08/19/2009
25.09,08/20/2009
25.01,08/21/2009
25.14,08/24/2009
24.92,08/25/2009
24.95,08/26/2009
24.68,08/27/2009
24.76,08/28/2009
26.01,08/31/2009
29.15,09/01/2009
28.9,09/02/2009
27.1,09/03/2009
25.26,09/04/2009
25.62,09/08/2009
24.32,09/09/2009
23.55,09/10/2009
24.15,09/11/2009
23.86,09/14/2009
23.42,09/15/2009
23.69,09/16/2009
23.65,09/17/2009
23.92,09/18/2009
24.06,09/21/2009
23.08,09/22/2009
23.49,09/23/2009
24.95,09/24/2009
25.61,09/25/2009
24.88,09/28/2009
25.19,09/29/2009
25.61,09/30/2009
28.27,10/01/2009
28.68,10/02/2009
26.84,10/05/2009
25.7,10/06/2009
24.68,10/07/2009
24.18,10/08/2009
23.12,10/09/2009
23.01,10/12/2009
22.99,10/13/2009
22.86,10/14/2009
21.72,10/15/2009
21.43,10/16/2009
21.49,10/19/2009
20.9,10/20/2009
22.22,10/21/2009
20.69,10/22/2009
22.27,10/23/2009
24.31,10/26/2009
24.83,10/27/2009
27.91,10/28/2009
24.76,10/29/2009
30.69,10/30/2009
29.78,11/02/2009
28.81,11/03/2009
27.72,11/04/2009
25.43,11/05/2009
24.19,11/06/2009
23.15,11/09/2009
22.84,11/10/2009
23.04,11/11/2009
24.24,11/12/2009
23.36,11/13/2009
22.89,11/16/2009
22.41,11/17/2009
21.63,11/18/2009
22.63,11/19/2009
22.19,11/20/2009
21.16,11/23/2009
20.47,11/24/2009
20.48,11/25/2009
24.74,11/27/2009
24.51,11/30/2009
21.92,12/01/2009
21.12,12/02/2009
22.46,12/03/2009
21.25,12/04/2009
22.1,12/07/2009
23.69,12/08/2009
22.66,12/09/2009
22.32,12/10/2009
21.59,12/11/2009
21.15,12/14/2009
21.49,12/15/2009
20.54,12/16/2009
22.51,12/17/2009
21.68,12/18/2009
20.49,12/21/2009
19.54,12/22/2009
19.71,12/23/2009
19.47,12/24/2009
19.93,12/28/2009
20.01,12/29/2009
19.96,12/30/2009
21.68,12/31/2009
20.04,01/04/2010
19.35,01/05/2010
19.16,01/06/2010
19.06,01/07/2010
18.13,01/08/2010
17.55,01/11/2010
18.25,01/12/2010
17.85,01/13/2010
17.63,01/14/2010
17.91,01/15/2010
17.58,01/19/2010
18.68,01/20/2010
22.27,01/21/2010
27.31,01/22/2010
25.41,01/25/2010
24.55,01/26/2010
23.14,01/27/2010
23.73,01/28/2010
24.62,01/29/2010
22.59,02/01/2010
21.48,02/02/2010
21.6,02/03/2010
26.08,02/04/2010
26.11,02/05/2010
26.51,02/08/2010
26,02/09/2010
25.4,02/10/2010
23.96,02/11/2010
22.73,02/12/2010
22.25,02/16/2010
21.72,02/17/2010
20.63,02/18/2010
20.02,02/19/2010
19.94,02/22/2010
21.37,02/23/2010
20.27,02/24/2010
20.1,02/25/2010
19.5,02/26/2010
19.26,03/01/2010
19.06,03/02/2010
18.83,03/03/2010
18.72,03/04/2010
17.42,03/05/2010
17.79,03/08/2010
17.92,03/09/2010
18.57,03/10/2010
18.06,03/11/2010
17.58,03/12/2010
18,03/15/2010
17.69,03/16/2010
16.91,03/17/2010
16.62,03/18/2010
16.97,03/19/2010
16.87,03/22/2010
16.35,03/23/2010
17.55,03/24/2010
18.4,03/25/2010
17.77,03/26/2010
17.59,03/29/2010
17.13,03/30/2010
17.59,03/31/2010
17.47,04/01/2010
17.02,04/05/2010
16.23,04/06/2010
16.62,04/07/2010
16.48,04/08/2010
16.14,04/09/2010
15.58,04/12/2010
16.2,04/13/2010
15.59,04/14/2010
15.89,04/15/2010
18.36,04/16/2010
17.34,04/19/2010
15.73,04/20/2010
16.32,04/21/2010
16.47,04/22/2010
16.62,04/23/2010
17.47,04/26/2010
22.81,04/27/2010
21.08,04/28/2010
18.44,04/29/2010
22.05,04/30/2010
20.19,05/03/2010
23.84,05/04/2010
24.91,05/05/2010
32.8,05/06/2010
40.95,05/07/2010
28.84,05/10/2010
28.32,05/11/2010
25.52,05/12/2010
26.68,05/13/2010
31.24,05/14/2010
30.84,05/17/2010
33.55,05/18/2010
35.32,05/19/2010
45.79,05/20/2010
40.1,05/21/2010
38.32,05/24/2010
34.61,05/25/2010
35.02,05/26/2010
29.68,05/27/2010
32.07,05/28/2010
35.54,06/01/2010
30.17,06/02/2010
29.46,06/03/2010
35.48,06/04/2010
36.57,06/07/2010
33.7,06/08/2010
33.73,06/09/2010
30.57,06/10/2010
28.79,06/11/2010
28.58,06/14/2010
25.87,06/15/2010
25.92,06/16/2010
25.05,06/17/2010
23.95,06/18/2010
24.88,06/21/2010
27.05,06/22/2010
26.91,06/23/2010
29.74,06/24/2010
28.53,06/25/2010
29,06/28/2010
34.13,06/29/2010
34.54,06/30/2010
32.86,07/01/2010
30.12,07/02/2010
29.65,07/06/2010
26.84,07/07/2010
25.71,07/08/2010
24.98,07/09/2010
24.43,07/12/2010
24.56,07/13/2010
24.89,07/14/2010
25.14,07/15/2010
26.25,07/16/2010
25.97,07/19/2010
23.93,07/20/2010
25.64,07/21/2010
24.63,07/22/2010
23.47,07/23/2010
22.73,07/26/2010
23.19,07/27/2010
24.25,07/28/2010
24.13,07/29/2010
23.5,07/30/2010
22.01,08/02/2010
22.63,08/03/2010
22.21,08/04/2010
22.1,08/05/2010
21.74,08/06/2010
22.14,08/09/2010
22.37,08/10/2010
25.39,08/11/2010
25.73,08/12/2010
26.24,08/13/2010
26.1,08/16/2010
24.33,08/17/2010
24.59,08/18/2010
26.44,08/19/2010
25.49,08/20/2010
25.66,08/23/2010
27.46,08/24/2010
26.7,08/25/2010
27.37,08/26/2010
24.45,08/27/2010
27.21,08/30/2010
26.05,08/31/2010
23.89,09/01/2010
23.19,09/02/2010
21.31,09/03/2010
23.8,09/07/2010
23.25,09/08/2010
22.81,09/09/2010
21.99,09/10/2010
21.21,09/13/2010
21.56,09/14/2010
22.1,09/15/2010
21.72,09/16/2010
22.01,09/17/2010
21.5,09/20/2010
22.35,09/21/2010
22.51,09/22/2010
23.87,09/23/2010
21.71,09/24/2010
22.54,09/27/2010
22.6,09/28/2010
23.25,09/29/2010
23.7,09/30/2010
22.5,10/01/2010
23.53,10/04/2010
21.76,10/05/2010
21.49,10/06/2010
21.56,10/07/2010
20.71,10/08/2010
18.96,10/11/2010
18.93,10/12/2010
19.07,10/13/2010
19.88,10/14/2010
19.03,10/15/2010
19.09,10/18/2010
20.63,10/19/2010
19.79,10/20/2010
19.27,10/21/2010
18.78,10/22/2010
19.85,10/25/2010
20.22,10/26/2010
20.71,10/27/2010
20.88,10/28/2010
21.2,10/29/2010
21.83,11/01/2010
21.57,11/02/2010
19.56,11/03/2010
18.52,11/04/2010
18.26,11/05/2010
18.29,11/08/2010
19.08,11/09/2010
18.47,11/10/2010
18.64,11/11/2010
20.61,11/12/2010
20.2,11/15/2010
22.58,11/16/2010
21.76,11/17/2010
18.75,11/18/2010
18.04,11/19/2010
18.37,11/22/2010
20.63,11/23/2010
19.56,11/24/2010
22.22,11/26/2010
21.53,11/29/2010
23.54,11/30/2010
21.36,12/01/2010
19.39,12/02/2010
18.01,12/03/2010
18.02,12/06/2010
17.99,12/07/2010
17.74,12/08/2010
17.25,12/09/2010
17.61,12/10/2010
17.55,12/13/2010
17.61,12/14/2010
17.94,12/15/2010
17.39,12/16/2010
16.11,12/17/2010
16.41,12/20/2010
16.49,12/21/2010
15.45,12/22/2010
16.47,12/23/2010
17.67,12/27/2010
17.52,12/28/2010
17.28,12/29/2010
17.52,12/30/2010
17.75,12/31/2010
17.61,01/03/2011
17.38,01/04/2011
17.02,01/05/2011
17.4,01/06/2011
17.14,01/07/2011
17.54,01/10/2011
16.89,01/11/2011
16.24,01/12/2011
16.39,01/13/2011
15.46,01/14/2011
15.87,01/18/2011
17.31,01/19/2011
17.99,01/20/2011
18.47,01/21/2011
17.65,01/24/2011
17.59,01/25/2011
16.64,01/26/2011
16.15,01/27/2011
20.04,01/28/2011
19.53,01/31/2011
17.63,02/01/2011
17.3,02/02/2011
16.69,02/03/2011
15.93,02/04/2011
16.28,02/07/2011
15.81,02/08/2011
15.87,02/09/2011
16.09,02/10/2011
15.69,02/11/2011
15.95,02/14/2011
16.37,02/15/2011
16.72,02/16/2011
16.59,02/17/2011
16.43,02/18/2011
20.8,02/22/2011
22.13,02/23/2011
21.32,02/24/2011
19.22,02/25/2011
18.35,02/28/2011
21.01,03/01/2011
20.7,03/02/2011
18.6,03/03/2011
19.06,03/04/2011
20.66,03/07/2011
19.82,03/08/2011
20.22,03/09/2011
21.88,03/10/2011
20.08,03/11/2011
21.13,03/14/2011
24.32,03/15/2011
29.4,03/16/2011
26.37,03/17/2011
24.44,03/18/2011
20.61,03/21/2011
20.21,03/22/2011
19.17,03/23/2011
18,03/24/2011
17.91,03/25/2011
19.44,03/28/2011
18.16,03/29/2011
17.71,03/30/2011
17.74,03/31/2011
17.4,04/01/2011
17.5,04/04/2011
17.25,04/05/2011
16.9,04/06/2011
17.11,04/07/2011
17.87,04/08/2011
16.59,04/11/2011
17.09,04/12/2011
16.92,04/13/2011
16.27,04/14/2011
15.32,04/15/2011
16.96,04/18/2011
15.83,04/19/2011
15.07,04/20/2011
14.69,04/21/2011
15.77,04/25/2011
15.62,04/26/2011
15.35,04/27/2011
14.62,04/28/2011
14.75,04/29/2011
15.99,05/02/2011
16.7,05/03/2011
17.08,05/04/2011
18.2,05/05/2011
18.4,05/06/2011
17.16,05/09/2011
15.91,05/10/2011
16.95,05/11/2011
16.03,05/12/2011
17.07,05/13/2011
18.24,05/16/2011
17.55,05/17/2011
16.23,05/18/2011
15.52,05/19/2011
17.43,05/20/2011
18.27,05/23/2011
17.82,05/24/2011
17.07,05/25/2011
16.09,05/26/2011
15.98,05/27/2011
15.45,05/31/2011
18.3,06/01/2011
18.09,06/02/2011
17.95,06/03/2011
18.49,06/06/2011
18.07,06/07/2011
18.79,06/08/2011
17.77,06/09/2011
18.86,06/10/2011
19.61,06/13/2011
18.26,06/14/2011
21.32,06/15/2011
22.73,06/16/2011
21.85,06/17/2011
19.99,06/20/2011
18.86,06/21/2011
18.52,06/22/2011
19.29,06/23/2011
21.1,06/24/2011
20.56,06/27/2011
19.17,06/28/2011
17.27,06/29/2011
16.52,06/30/2011
15.87,07/01/2011
16.06,07/05/2011
16.34,07/06/2011
15.95,07/07/2011
15.95,07/08/2011
18.39,07/11/2011
19.87,07/12/2011
19.91,07/13/2011
20.8,07/14/2011
19.53,07/15/2011
20.95,07/18/2011
19.21,07/19/2011
19.09,07/20/2011
17.56,07/21/2011
17.52,07/22/2011
19.35,07/25/2011
20.23,07/26/2011
22.98,07/27/2011
23.74,07/28/2011
25.25,07/29/2011
23.66,08/01/2011
24.79,08/02/2011
23.38,08/03/2011
31.66,08/04/2011
32,08/05/2011
48,08/08/2011
35.06,08/09/2011
42.99,08/10/2011
39,08/11/2011
36.36,08/12/2011
31.87,08/15/2011
32.85,08/16/2011
31.58,08/17/2011
42.67,08/18/2011
43.05,08/19/2011
42.44,08/22/2011
36.27,08/23/2011
35.9,08/24/2011
39.76,08/25/2011
35.59,08/26/2011
32.28,08/29/2011
32.89,08/30/2011
31.62,08/31/2011
31.82,09/01/2011
33.92,09/02/2011
37,09/06/2011
33.38,09/07/2011
34.32,09/08/2011
38.52,09/09/2011
38.59,09/12/2011
36.91,09/13/2011
34.6,09/14/2011
31.97,09/15/2011
30.98,09/16/2011
32.73,09/19/2011
32.86,09/20/2011
37.32,09/21/2011
41.35,09/22/2011
41.25,09/23/2011
39.02,09/26/2011
37.71,09/27/2011
41.08,09/28/2011
38.84,09/29/2011
42.96,09/30/2011
45.45,10/03/2011
40.82,10/04/2011
37.81,10/05/2011
36.27,10/06/2011
36.2,10/07/2011
33.02,10/10/2011
32.86,10/11/2011
31.26,10/12/2011
30.7,10/13/2011
28.24,10/14/2011
33.39,10/17/2011
31.56,10/18/2011
34.44,10/19/2011
34.78,10/20/2011
31.32,10/21/2011
29.26,10/24/2011
32.22,10/25/2011
29.86,10/26/2011
25.46,10/27/2011
24.53,10/28/2011
29.96,10/31/2011
34.77,11/01/2011
32.74,11/02/2011
30.5,11/03/2011
30.16,11/04/2011
29.85,11/07/2011
27.48,11/08/2011
36.16,11/09/2011
32.81,11/10/2011
30.04,11/11/2011
31.13,11/14/2011
31.22,11/15/2011
33.51,11/16/2011
34.51,11/17/2011
32,11/18/2011
32.91,11/21/2011
31.97,11/22/2011
33.98,11/23/2011
34.47,11/25/2011
32.13,11/28/2011
30.64,11/29/2011
27.8,11/30/2011
27.41,12/01/2011
27.52,12/02/2011
27.84,12/05/2011
28.13,12/06/2011
28.67,12/07/2011
30.59,12/08/2011
26.38,12/09/2011
25.67,12/12/2011
25.41,12/13/2011
26.04,12/14/2011
25.11,12/15/2011
24.29,12/16/2011
24.92,12/19/2011
23.22,12/20/2011
21.43,12/21/2011
21.16,12/22/2011
20.73,12/23/2011
21.91,12/27/2011
23.52,12/28/2011
22.65,12/29/2011
23.4,12/30/2011
22.97,01/03/2012
22.22,01/04/2012
21.48,01/05/2012
20.63,01/06/2012
21.07,01/09/2012
20.69,01/10/2012
21.05,01/11/2012
20.47,01/12/2012
20.91,01/13/2012
22.2,01/17/2012
20.89,01/18/2012
19.87,01/19/2012
18.28,01/20/2012
18.67,01/23/2012
18.91,01/24/2012
18.31,01/25/2012
18.57,01/26/2012
18.53,01/27/2012
19.4,01/30/2012
19.44,01/31/2012
18.55,02/01/2012
17.98,02/02/2012
17.1,02/03/2012
17.76,02/06/2012
17.65,02/07/2012
18.16,02/08/2012
18.63,02/09/2012
20.79,02/10/2012
19.04,02/13/2012
19.54,02/14/2012
21.14,02/15/2012
19.22,02/16/2012
17.78,02/17/2012
18.19,02/21/2012
18.19,02/22/2012
16.8,02/23/2012
17.31,02/24/2012
18.19,02/27/2012
17.96,02/28/2012
18.43,02/29/2012
17.26,03/01/2012
17.29,03/02/2012
18.05,03/05/2012
20.87,03/06/2012
19.07,03/07/2012
17.95,03/08/2012
17.11,03/09/2012
15.64,03/12/2012
14.8,03/13/2012
15.31,03/14/2012
15.42,03/15/2012
14.47,03/16/2012
15.04,03/19/2012
15.58,03/20/2012
15.13,03/21/2012
15.57,03/22/2012
14.82,03/23/2012
14.26,03/26/2012
15.59,03/27/2012
15.47,03/28/2012
15.48,03/29/2012
15.5,03/30/2012
15.64,04/02/2012
15.66,04/03/2012
16.44,04/04/2012
16.7,04/05/2012
18.81,04/09/2012
20.39,04/10/2012
20.02,04/11/2012
17.2,04/12/2012
19.55,04/13/2012
19.55,04/16/2012
18.46,04/17/2012
18.64,04/18/2012
18.36,04/19/2012
17.44,04/20/2012
18.97,04/23/2012
18.1,04/24/2012
16.82,04/25/2012
16.24,04/26/2012
16.32,04/27/2012
17.15,04/30/2012
16.6,05/01/2012
16.88,05/02/2012
17.56,05/03/2012
19.16,05/04/2012
18.94,05/07/2012
19.05,05/08/2012
20.08,05/09/2012
18.83,05/10/2012
19.89,05/11/2012
21.87,05/14/2012
21.97,05/15/2012
22.27,05/16/2012
24.49,05/17/2012
25.1,05/18/2012
22.01,05/21/2012
22.48,05/22/2012
22.33,05/23/2012
21.54,05/24/2012
21.76,05/25/2012
21.03,05/29/2012
24.14,05/30/2012
24.06,05/31/2012
26.66,06/01/2012
26.12,06/04/2012
24.68,06/05/2012
22.16,06/06/2012
21.72,06/07/2012
21.23,06/08/2012
23.56,06/11/2012
22.09,06/12/2012
24.27,06/13/2012
21.68,06/14/2012
21.11,06/15/2012
18.32,06/18/2012
18.38,06/19/2012
17.24,06/20/2012
20.08,06/21/2012
18.11,06/22/2012
20.38,06/25/2012
19.72,06/26/2012
19.45,06/27/2012
19.71,06/28/2012
17.08,06/29/2012
16.8,07/02/2012
16.66,07/03/2012
17.5,07/05/2012
17.1,07/06/2012
17.98,07/09/2012
18.72,07/10/2012
17.95,07/11/2012
18.33,07/12/2012
16.74,07/13/2012
17.11,07/16/2012
16.48,07/17/2012
16.16,07/18/2012
15.45,07/19/2012
16.27,07/20/2012
18.62,07/23/2012
20.47,07/24/2012
19.34,07/25/2012
17.53,07/26/2012
16.7,07/27/2012
18.03,07/30/2012
18.93,07/31/2012
18.96,08/01/2012
17.57,08/02/2012
15.64,08/03/2012
15.95,08/06/2012
15.99,08/07/2012
15.32,08/08/2012
15.28,08/09/2012
14.74,08/10/2012
13.7,08/13/2012
14.85,08/14/2012
14.63,08/15/2012
14.29,08/16/2012
13.45,08/17/2012
14.02,08/20/2012
15.02,08/21/2012
15.11,08/22/2012
15.96,08/23/2012
15.18,08/24/2012
16.35,08/27/2012
16.49,08/28/2012
17.06,08/29/2012
17.83,08/30/2012
17.47,08/31/2012
17.98,09/04/2012
17.74,09/05/2012
15.6,09/06/2012
14.38,09/07/2012
16.28,09/10/2012
16.41,09/11/2012
15.8,09/12/2012
14.05,09/13/2012
14.51,09/14/2012
14.59,09/17/2012
14.18,09/18/2012
13.88,09/19/2012
14.07,09/20/2012
13.98,09/21/2012
14.15,09/24/2012
15.43,09/25/2012
16.81,09/26/2012
14.84,09/27/2012
15.73,09/28/2012
16.32,10/01/2012
15.71,10/02/2012
15.43,10/03/2012
14.55,10/04/2012
14.33,10/05/2012
15.11,10/08/2012
16.37,10/09/2012
16.29,10/10/2012
15.59,10/11/2012
16.14,10/12/2012
15.27,10/15/2012
15.22,10/16/2012
15.07,10/17/2012
15.03,10/18/2012
17.06,10/19/2012
16.62,10/22/2012
18.83,10/23/2012
18.33,10/24/2012
18.12,10/25/2012
17.81,10/26/2012
18.6,10/31/2012
16.69,11/01/2012
17.59,11/02/2012
18.42,11/05/2012
17.58,11/06/2012
19.08,11/07/2012
18.49,11/08/2012
18.61,11/09/2012
16.68,11/12/2012
16.65,11/13/2012
17.92,11/14/2012
17.99,11/15/2012
16.41,11/16/2012
15.24,11/19/2012
15.08,11/20/2012
15.31,11/21/2012
15.14,11/23/2012
15.5,11/26/2012
15.92,11/27/2012
15.51,11/28/2012
15.06,11/29/2012
15.87,11/30/2012
16.64,12/03/2012
17.12,12/04/2012
16.46,12/05/2012
16.58,12/06/2012
15.9,12/07/2012
16.05,12/10/2012
15.57,12/11/2012
15.95,12/12/2012
16.56,12/13/2012
17,12/14/2012
16.34,12/17/2012
15.57,12/18/2012
17.36,12/19/2012
17.67,12/20/2012
17.84,12/21/2012
17.84,12/24/2012
19.48,12/26/2012
19.47,12/27/2012
22.72,12/28/2012
18.02,12/31/2012
14.68,01/02/2013
14.56,01/03/2013
13.83,01/04/2013
13.79,01/07/2013
13.62,01/08/2013
13.81,01/09/2013
13.49,01/10/2013
13.36,01/11/2013
13.52,01/14/2013
13.55,01/15/2013
13.42,01/16/2013
13.57,01/17/2013
12.46,01/18/2013
12.43,01/22/2013
12.46,01/23/2013
12.69,01/24/2013
12.89,01/25/2013
13.57,01/28/2013
13.31,01/29/2013
14.32,01/30/2013
14.28,01/31/2013
12.9,02/01/2013
14.67,02/04/2013
13.72,02/05/2013
13.41,02/06/2013
13.5,02/07/2013
13.02,02/08/2013
12.94,02/11/2013
12.64,02/12/2013
12.98,02/13/2013
12.66,02/14/2013
12.46,02/15/2013
12.31,02/19/2013
14.68,02/20/2013
15.22,02/21/2013
14.17,02/22/2013
18.99,02/25/2013
16.87,02/26/2013
14.73,02/27/2013
15.51,02/28/2013
15.36,03/01/2013
14.01,03/04/2013
13.48,03/05/2013
13.53,03/06/2013
13.06,03/07/2013
12.59,03/08/2013
11.56,03/11/2013
12.27,03/12/2013
11.83,03/13/2013
11.3,03/14/2013
11.3,03/15/2013
13.36,03/18/2013
14.39,03/19/2013
12.67,03/20/2013
13.99,03/21/2013
13.57,03/22/2013
13.74,03/25/2013
12.77,03/26/2013
13.15,03/27/2013
12.7,03/28/2013
13.58,04/01/2013
12.78,04/02/2013
14.21,04/03/2013
13.89,04/04/2013
13.92,04/05/2013
13.19,04/08/2013
12.84,04/09/2013
12.36,04/10/2013
12.24,04/11/2013
12.06,04/12/2013
17.27,04/15/2013
13.96,04/16/2013
16.51,04/17/2013
17.56,04/18/2013
14.97,04/19/2013
14.39,04/22/2013
13.48,04/23/2013
13.61,04/24/2013
13.62,04/25/2013
13.61,04/26/2013
13.71,04/29/2013
13.52,04/30/2013
14.49,05/01/2013
13.59,05/02/2013
12.85,05/03/2013
12.66,05/06/2013
12.83,05/07/2013
12.66,05/08/2013
13.13,05/09/2013
12.59,05/10/2013
12.55,05/13/2013
12.77,05/14/2013
12.81,05/15/2013
13.07,05/16/2013
12.45,05/17/2013
13.02,05/20/2013
13.37,05/21/2013
13.82,05/22/2013
14.07,05/23/2013
13.99,05/24/2013
14.48,05/28/2013
14.83,05/29/2013
14.53,05/30/2013
16.3,05/31/2013
16.28,06/03/2013
16.27,06/04/2013
17.5,06/05/2013
16.63,06/06/2013
15.14,06/07/2013
15.44,06/10/2013
17.07,06/11/2013
18.59,06/12/2013
16.41,06/13/2013
17.15,06/14/2013
16.8,06/17/2013
16.61,06/18/2013
16.64,06/19/2013
20.49,06/20/2013
18.9,06/21/2013
20.11,06/24/2013
18.47,06/25/2013
17.21,06/26/2013
16.86,06/27/2013
16.86,06/28/2013
16.37,07/01/2013
16.44,07/02/2013
16.2,07/03/2013
14.89,07/05/2013
14.78,07/08/2013
14.35,07/09/2013
14.21,07/10/2013
14.01,07/11/2013
13.84,07/12/2013
13.79,07/15/2013
14.42,07/16/2013
13.78,07/17/2013
13.77,07/18/2013
12.54,07/19/2013
12.29,07/22/2013
12.66,07/23/2013
13.18,07/24/2013
12.97,07/25/2013
12.72,07/26/2013
13.39,07/29/2013
13.39,07/30/2013
13.45,07/31/2013
12.94,08/01/2013
11.98,08/02/2013
11.84,08/05/2013
12.72,08/06/2013
12.98,08/07/2013
12.73,08/08/2013
13.41,08/09/2013
12.81,08/12/2013
12.31,08/13/2013
13.04,08/14/2013
14.73,08/15/2013
14.37,08/16/2013
15.1,08/19/2013
14.91,08/20/2013
15.94,08/21/2013
14.76,08/22/2013
13.98,08/23/2013
14.99,08/26/2013
16.77,08/27/2013
16.49,08/28/2013
16.81,08/29/2013
17.01,08/30/2013
16.61,09/03/2013
15.88,09/04/2013
15.77,09/05/2013
15.85,09/06/2013
15.63,09/09/2013
14.53,09/10/2013
13.82,09/11/2013
14.29,09/12/2013
14.16,09/13/2013
14.38,09/16/2013
14.53,09/17/2013
13.59,09/18/2013
13.16,09/19/2013
13.12,09/20/2013
14.31,09/23/2013
14.08,09/24/2013
14.01,09/25/2013
14.06,09/26/2013
15.46,09/27/2013
16.6,09/30/2013
15.54,10/01/2013
16.6,10/02/2013
17.67,10/03/2013
16.74,10/04/2013
19.41,10/07/2013
20.34,10/08/2013
19.6,10/09/2013
16.48,10/10/2013
15.72,10/11/2013
16.07,10/14/2013
18.66,10/15/2013
14.71,10/16/2013
13.48,10/17/2013
13.04,10/18/2013
13.16,10/21/2013
13.33,10/22/2013
13.42,10/23/2013
13.2,10/24/2013
13.09,10/25/2013
13.31,10/28/2013
13.41,10/29/2013
13.65,10/30/2013
13.75,10/31/2013
13.28,11/01/2013
12.93,11/04/2013
13.27,11/05/2013
12.67,11/06/2013
13.91,11/07/2013
12.9,11/08/2013
12.53,11/11/2013
12.82,11/12/2013
12.52,11/13/2013
12.37,11/14/2013
12.19,11/15/2013
13.1,11/18/2013
13.39,11/19/2013
13.4,11/20/2013
12.66,11/21/2013
12.26,11/22/2013
12.79,11/25/2013
12.81,11/26/2013
12.98,11/27/2013
13.7,11/29/2013
14.23,12/02/2013
14.55,12/03/2013
14.7,12/04/2013
15.08,12/05/2013
13.79,12/06/2013
13.49,12/09/2013
13.91,12/10/2013
15.42,12/11/2013
15.54,12/12/2013
15.76,12/13/2013
16.03,12/16/2013
16.21,12/17/2013
13.8,12/18/2013
14.15,12/19/2013
13.79,12/20/2013
13.04,12/23/2013
12.48,12/24/2013
12.33,12/26/2013
12.46,12/27/2013
13.56,12/30/2013
13.72,12/31/2013
14.23,01/02/2014
13.76,01/03/2014
13.55,01/06/2014
12.92,01/07/2014
12.87,01/08/2014
12.89,01/09/2014
12.14,01/10/2014
13.28,01/13/2014
12.28,01/14/2014
12.28,01/15/2014
12.53,01/16/2014
12.44,01/17/2014
12.87,01/21/2014
12.84,01/22/2014
13.77,01/23/2014
18.14,01/24/2014
17.42,01/27/2014
15.8,01/28/2014
17.35,01/29/2014
17.29,01/30/2014
18.41,01/31/2014
21.44,02/03/2014
19.11,02/04/2014
19.95,02/05/2014
17.23,02/06/2014
15.29,02/07/2014
15.26,02/10/2014
14.51,02/11/2014
14.3,02/12/2014
14.14,02/13/2014
13.57,02/14/2014
13.87,02/18/2014
15.5,02/19/2014
14.79,02/20/2014
14.68,02/21/2014
14.23,02/24/2014
13.67,02/25/2014
14.35,02/26/2014
14.04,02/27/2014
14,02/28/2014
16,03/03/2014
14.1,03/04/2014
13.89,03/05/2014
14.21,03/06/2014
14.11,03/07/2014
14.2,03/10/2014
14.8,03/11/2014
14.47,03/12/2014
16.22,03/13/2014
17.82,03/14/2014
15.64,03/17/2014
14.52,03/18/2014
15.12,03/19/2014
14.52,03/20/2014
15,03/21/2014
15.09,03/24/2014
14.02,03/25/2014
14.93,03/26/2014
14.62,03/27/2014
14.41,03/28/2014
13.88,03/31/2014
13.1,04/01/2014
13.09,04/02/2014
13.37,04/03/2014
13.96,04/04/2014
15.57,04/07/2014
14.89,04/08/2014
13.82,04/09/2014
15.89,04/10/2014
17.03,04/11/2014
16.11,04/14/2014
15.61,04/15/2014
14.18,04/16/2014
13.36,04/17/2014
13.25,04/21/2014
13.19,04/22/2014
13.27,04/23/2014
13.32,04/24/2014
14.06,04/25/2014
13.97,04/28/2014
13.71,04/29/2014
13.41,04/30/2014
13.25,05/01/2014
12.91,05/02/2014
13.29,05/05/2014
13.8,05/06/2014
13.4,05/07/2014
13.43,05/08/2014
12.92,05/09/2014
12.23,05/12/2014
12.13,05/13/2014
12.17,05/14/2014
13.17,05/15/2014
12.44,05/16/2014
12.42,05/19/2014
12.96,05/20/2014
11.91,05/21/2014
12.03,05/22/2014
11.36,05/23/2014
11.51,05/27/2014
11.68,05/28/2014
11.57,05/29/2014
11.4,05/30/2014
11.58,06/02/2014
11.87,06/03/2014
12.08,06/04/2014
11.68,06/05/2014
10.73,06/06/2014
11.15,06/09/2014
10.99,06/10/2014
11.6,06/11/2014
12.56,06/12/2014
12.18,06/13/2014
12.65,06/16/2014
12.06,06/17/2014
10.61,06/18/2014
10.62,06/19/2014
10.85,06/20/2014
10.98,06/23/2014
12.13,06/24/2014
11.59,06/25/2014
11.63,06/26/2014
11.26,06/27/2014
11.57,06/30/2014
11.15,07/01/2014
10.82,07/02/2014
10.32,07/03/2014
11.33,07/07/2014
11.98,07/08/2014
11.65,07/09/2014
12.59,07/10/2014
12.08,07/11/2014
11.82,07/14/2014
11.96,07/15/2014
11,07/16/2014
14.54,07/17/2014
12.06,07/18/2014
12.81,07/21/2014
12.24,07/22/2014
11.52,07/23/2014
11.84,07/24/2014
12.69,07/25/2014
12.56,07/28/2014
13.28,07/29/2014
13.33,07/30/2014
16.95,07/31/2014
17.03,08/01/2014
15.12,08/04/2014
16.87,08/05/2014
16.37,08/06/2014
16.66,08/07/2014
15.77,08/08/2014
14.23,08/11/2014
14.13,08/12/2014
12.9,08/13/2014
12.42,08/14/2014
13.15,08/15/2014
12.32,08/18/2014
12.21,08/19/2014
11.78,08/20/2014
11.76,08/21/2014
11.47,08/22/2014
11.7,08/25/2014
11.63,08/26/2014
11.78,08/27/2014
12.05,08/28/2014
11.98,08/29/2014
12.25,09/02/2014
12.36,09/03/2014
12.64,09/04/2014
12.09,09/05/2014
12.66,09/08/2014
13.5,09/09/2014
12.88,09/10/2014
12.8,09/11/2014
13.31,09/12/2014
14.12,09/15/2014
12.73,09/16/2014
12.65,09/17/2014
12.03,09/18/2014
12.11,09/19/2014
13.69,09/22/2014
14.93,09/23/2014
13.27,09/24/2014
15.64,09/25/2014
14.85,09/26/2014
15.98,09/29/2014
16.31,09/30/2014
16.71,10/01/2014
16.16,10/02/2014
14.55,10/03/2014
15.46,10/06/2014
17.2,10/07/2014
15.11,10/08/2014
18.76,10/09/2014
21.24,10/10/2014
24.64,10/13/2014
22.79,10/14/2014
26.25,10/15/2014
25.2,10/16/2014
21.99,10/17/2014
18.57,10/20/2014
16.08,10/21/2014
17.87,10/22/2014
16.53,10/23/2014
16.11,10/24/2014
16.04,10/27/2014
14.39,10/28/2014
15.15,10/29/2014
14.52,10/30/2014
14.03,10/31/2014
14.73,11/03/2014
14.89,11/04/2014
14.17,11/05/2014
13.67,11/06/2014
13.12,11/07/2014
12.67,11/10/2014
12.92,11/11/2014
13.02,11/12/2014
13.79,11/13/2014
13.31,11/14/2014
13.99,11/17/2014
13.86,11/18/2014
13.96,11/19/2014
13.58,11/20/2014
12.9,11/21/2014
12.62,11/24/2014
12.25,11/25/2014
12.07,11/26/2014
13.33,11/28/2014
14.29,12/01/2014
12.85,12/02/2014
12.47,12/03/2014
12.38,12/04/2014
11.82,12/05/2014
14.21,12/08/2014
14.89,12/09/2014
18.53,12/10/2014
20.08,12/11/2014
21.08,12/12/2014
20.42,12/15/2014
23.57,12/16/2014
19.44,12/17/2014
16.81,12/18/2014
16.49,12/19/2014
15.25,12/22/2014
14.8,12/23/2014
14.37,12/24/2014
14.5,12/26/2014
15.06,12/29/2014
15.92,12/30/2014
19.2,12/31/2014
17.79,01/02/2015
19.92,01/05/2015
21.12,01/06/2015
19.31,01/07/2015
17.01,01/08/2015
17.55,01/09/2015
19.6,01/12/2015
20.56,01/13/2015
21.48,01/14/2015
22.39,01/15/2015
20.95,01/16/2015
19.89,01/20/2015
18.85,01/21/2015
16.4,01/22/2015
16.66,01/23/2015
15.52,01/26/2015
17.22,01/27/2015
20.44,01/28/2015
18.76,01/29/2015
20.97,01/30/2015
19.43,02/02/2015
17.33,02/03/2015
18.33,02/04/2015
16.85,02/05/2015
17.29,02/06/2015
18.55,02/09/2015
17.23,02/10/2015
16.96,02/11/2015
15.34,02/12/2015
14.69,02/13/2015
15.8,02/17/2015
15.45,02/18/2015
15.29,02/19/2015
14.3,02/20/2015
14.56,02/23/2015
13.69,02/24/2015
13.84,02/25/2015
13.91,02/26/2015
13.34,02/27/2015
13.04,03/02/2015
13.86,03/03/2015
14.23,03/04/2015
14.04,03/05/2015
15.2,03/06/2015
15.06,03/09/2015
16.69,03/10/2015
16.87,03/11/2015
15.42,03/12/2015
16,03/13/2015
15.61,03/16/2015
15.66,03/17/2015
13.97,03/18/2015
14.07,03/19/2015
13.02,03/20/2015
13.41,03/23/2015
13.62,03/24/2015
15.44,03/25/2015
15.8,03/26/2015
15.07,03/27/2015
14.51,03/30/2015
15.29,03/31/2015
15.11,04/01/2015
14.67,04/02/2015
14.74,04/06/2015
14.78,04/07/2015
13.98,04/08/2015
13.09,04/09/2015
12.58,04/10/2015
13.94,04/13/2015
13.67,04/14/2015
12.84,04/15/2015
12.6,04/16/2015
13.89,04/17/2015
13.3,04/20/2015
13.25,04/21/2015
12.71,04/22/2015
12.48,04/23/2015
12.29,04/24/2015
13.12,04/27/2015
12.41,04/28/2015
13.39,04/29/2015
14.55,04/30/2015
12.7,05/01/2015
12.85,05/04/2015
14.31,05/05/2015
15.15,05/06/2015
15.13,05/07/2015
12.86,05/08/2015
13.85,05/11/2015
13.86,05/12/2015
13.76,05/13/2015
12.74,05/14/2015
12.38,05/15/2015
12.73,05/18/2015
12.85,05/19/2015
12.88,05/20/2015
12.11,05/21/2015
12.13,05/22/2015
14.06,05/26/2015
13.27,05/27/2015
13.31,05/28/2015
13.84,05/29/2015
13.97,06/01/2015
14.24,06/02/2015
13.66,06/03/2015
14.71,06/04/2015
14.21,06/05/2015
15.29,06/08/2015
14.47,06/09/2015
13.22,06/10/2015
12.85,06/11/2015
13.78,06/12/2015
15.39,06/15/2015
14.81,06/16/2015
14.5,06/17/2015
13.19,06/18/2015
13.96,06/19/2015
12.74,06/22/2015
12.11,06/23/2015
13.26,06/24/2015
14.01,06/25/2015
14.02,06/26/2015
18.85,06/29/2015
18.23,06/30/2015
16.09,07/01/2015
16.79,07/02/2015
17.01,07/06/2015
16.09,07/07/2015
19.66,07/08/2015
19.97,07/09/2015
16.83,07/10/2015
13.9,07/13/2015
13.37,07/14/2015
13.23,07/15/2015
12.11,07/16/2015
11.95,07/17/2015
12.25,07/20/2015
12.22,07/21/2015
12.12,07/22/2015
12.64,07/23/2015
13.74,07/24/2015
15.6,07/27/2015
13.44,07/28/2015
12.5,07/29/2015
12.13,07/30/2015
12.12,07/31/2015
12.56,08/03/2015
13,08/04/2015
12.51,08/05/2015
13.77,08/06/2015
13.39,08/07/2015
12.23,08/10/2015
13.71,08/11/2015
13.61,08/12/2015
13.49,08/13/2015
12.83,08/14/2015
13.02,08/17/2015
13.79,08/18/2015
15.25,08/19/2015
19.14,08/20/2015
28.03,08/21/2015
40.74,08/24/2015
36.02,08/25/2015
30.32,08/26/2015
26.1,08/27/2015
26.05,08/28/2015
28.43,08/31/2015
31.4,09/01/2015
26.09,09/02/2015
25.61,09/03/2015
27.8,09/04/2015
24.9,09/08/2015
26.23,09/09/2015
24.37,09/10/2015
23.2,09/11/2015
24.25,09/14/2015
22.54,09/15/2015
21.35,09/16/2015
21.14,09/17/2015
22.28,09/18/2015
20.14,09/21/2015
22.44,09/22/2015
22.13,09/23/2015
23.47,09/24/2015
23.62,09/25/2015
27.63,09/28/2015
26.83,09/29/2015
24.5,09/30/2015
22.55,10/01/2015
20.94,10/02/2015
19.54,10/05/2015
19.4,10/06/2015
18.4,10/07/2015
17.42,10/08/2015
17.08,10/09/2015
16.17,10/12/2015
17.67,10/13/2015
18.03,10/14/2015
16.05,10/15/2015
15.05,10/16/2015
14.98,10/19/2015
15.75,10/20/2015
16.7,10/21/2015
14.45,10/22/2015
14.46,10/23/2015
15.29,10/26/2015
15.43,10/27/2015
14.33,10/28/2015
14.61,10/29/2015
15.07,10/30/2015
14.15,11/02/2015
14.54,11/03/2015
15.51,11/04/2015
15.05,11/05/2015
14.33,11/06/2015
16.52,11/09/2015
15.29,11/10/2015
16.06,11/11/2015
18.37,11/12/2015
20.08,11/13/2015
18.16,11/16/2015
18.84,11/17/2015
16.85,11/18/2015
16.99,11/19/2015
15.47,11/20/2015
15.62,11/23/2015
15.93,11/24/2015
15.19,11/25/2015
15.12,11/27/2015
16.13,11/30/2015
14.67,12/01/2015
15.91,12/02/2015
18.11,12/03/2015
14.81,12/04/2015
15.84,12/07/2015
17.6,12/08/2015
19.61,12/09/2015
19.34,12/10/2015
24.39,12/11/2015
22.73,12/14/2015
20.95,12/15/2015
17.86,12/16/2015
18.94,12/17/2015
20.7,12/18/2015
18.7,12/21/2015
16.6,12/22/2015
15.57,12/23/2015
15.74,12/24/2015
16.91,12/28/2015
16.08,12/29/2015
17.29,12/30/2015
18.21,12/31/2015
20.7,01/04/2016
19.34,01/05/2016
20.59,01/06/2016
24.99,01/07/2016
27.01,01/08/2016
24.3,01/11/2016
22.47,01/12/2016
25.22,01/13/2016
23.95,01/14/2016
27.02,01/15/2016
26.05,01/19/2016
27.59,01/20/2016
26.69,01/21/2016
22.34,01/22/2016
24.15,01/25/2016
22.5,01/26/2016
23.11,01/27/2016
22.42,01/28/2016
20.2,01/29/2016
19.98,02/01/2016
21.98,02/02/2016
21.65,02/03/2016
21.84,02/04/2016
23.38,02/05/2016
26,02/08/2016
26.54,02/09/2016
26.29,02/10/2016
28.14,02/11/2016
25.4,02/12/2016
24.11,02/16/2016
22.31,02/17/2016
21.64,02/18/2016
20.53,02/19/2016
19.38,02/22/2016
20.98,02/23/2016
20.72,02/24/2016
19.11,02/25/2016
19.81,02/26/2016
20.55,02/29/2016
17.7,03/01/2016
17.09,03/02/2016
16.7,03/03/2016
16.86,03/04/2016
17.35,03/07/2016
18.67,03/08/2016
18.34,03/09/2016
18.05,03/10/2016
16.5,03/11/2016
16.92,03/14/2016
16.84,03/15/2016
14.99,03/16/2016
14.44,03/17/2016
14.02,03/18/2016
13.79,03/21/2016
14.17,03/22/2016
14.94,03/23/2016
14.74,03/24/2016
15.24,03/28/2016
13.82,03/29/2016
13.56,03/30/2016
13.95,03/31/2016
13.1,04/01/2016
14.12,04/04/2016
15.42,04/05/2016
14.09,04/06/2016
16.16,04/07/2016
15.36,04/08/2016
16.26,04/11/2016
14.85,04/12/2016
13.84,04/13/2016
13.72,04/14/2016
13.62,04/15/2016
13.35,04/18/2016
13.24,04/19/2016
13.28,04/20/2016
13.95,04/21/2016
13.22,04/22/2016
14.08,04/25/2016
13.96,04/26/2016
13.77,04/27/2016
15.22,04/28/2016
15.7,04/29/2016
14.68,05/02/2016
15.6,05/03/2016
16.05,05/04/2016
15.91,05/05/2016
14.72,05/06/2016
14.57,05/09/2016
13.63,05/10/2016
14.69,05/11/2016
14.41,05/12/2016
15.04,05/13/2016
14.68,05/16/2016
15.57,05/17/2016
15.95,05/18/2016
16.33,05/19/2016
15.2,05/20/2016
15.82,05/23/2016
14.42,05/24/2016
13.9,05/25/2016
13.43,05/26/2016
13.12,05/27/2016
14.19,05/31/2016
14.2,06/01/2016
13.63,06/02/2016
13.47,06/03/2016
13.65,06/06/2016
14.05,06/07/2016
14.08,06/08/2016
14.64,06/09/2016
17.03,06/10/2016
20.97,06/13/2016
20.5,06/14/2016
20.14,06/15/2016
19.37,06/16/2016
19.41,06/17/2016
18.37,06/20/2016
18.48,06/21/2016
21.17,06/22/2016
17.25,06/23/2016
25.76,06/24/2016
23.85,06/27/2016
18.75,06/28/2016
16.64,06/29/2016
15.63,06/30/2016
14.77,07/01/2016
15.58,07/05/2016
14.96,07/06/2016
14.76,07/07/2016
13.2,07/08/2016
13.54,07/11/2016
13.55,07/12/2016
13.04,07/13/2016
12.82,07/14/2016
12.67,07/15/2016
12.44,07/18/2016
11.97,07/19/2016
11.77,07/20/2016
12.74,07/21/2016
12.02,07/22/2016
12.87,07/25/2016
13.05,07/26/2016
12.83,07/27/2016
12.72,07/28/2016
11.87,07/29/2016
12.44,08/01/2016
13.37,08/02/2016
12.86,08/03/2016
12.42,08/04/2016
11.39,08/05/2016
11.5,08/08/2016
11.66,08/09/2016
12.05,08/10/2016
11.68,08/11/2016
11.55,08/12/2016
11.81,08/15/2016
12.64,08/16/2016
12.19,08/17/2016
11.43,08/18/2016
11.34,08/19/2016
12.27,08/22/2016
12.38,08/23/2016
13.45,08/24/2016
13.63,08/25/2016
13.65,08/26/2016
12.94,08/29/2016
13.12,08/30/2016
13.42,08/31/2016
13.48,09/01/2016
11.98,09/02/2016
12.02,09/06/2016
11.94,09/07/2016
12.51,09/08/2016
17.5,09/09/2016
15.16,09/12/2016
17.85,09/13/2016
18.14,09/14/2016
16.3,09/15/2016
15.37,09/16/2016
15.53,09/19/2016
15.92,09/20/2016
13.3,09/21/2016
12.02,09/22/2016
12.29,09/23/2016
14.5,09/26/2016
13.1,09/27/2016
12.39,09/28/2016
14.02,09/29/2016
13.29,09/30/2016
13.57,10/03/2016
13.63,10/04/2016
12.99,10/05/2016
12.84,10/06/2016
13.48,10/07/2016
13.38,10/10/2016
15.36,10/11/2016
15.91,10/12/2016
16.69,10/13/2016
16.12,10/14/2016
16.21,10/17/2016
15.28,10/18/2016
14.41,10/19/2016
13.75,10/20/2016
13.34,10/21/2016
13.02,10/24/2016
13.46,10/25/2016
14.24,10/26/2016
15.36,10/27/2016
16.19,10/28/2016
17.06,10/31/2016
18.56,11/01/2016
19.32,11/02/2016
22.08,11/03/2016
22.51,11/04/2016
18.71,11/07/2016
18.74,11/08/2016
14.38,11/09/2016
14.74,11/10/2016
14.17,11/11/2016
14.48,11/14/2016
13.37,11/15/2016
13.72,11/16/2016
13.35,11/17/2016
12.85,11/18/2016
12.42,11/21/2016
12.41,11/22/2016
12.43,11/23/2016
12.34,11/25/2016
13.15,11/28/2016
12.9,11/29/2016
13.33,11/30/2016
14.07,12/01/2016
14.12,12/02/2016
12.14,12/05/2016
11.79,12/06/2016
12.22,12/07/2016
12.64,12/08/2016
11.75,12/09/2016
12.64,12/12/2016
12.72,12/13/2016
13.19,12/14/2016
12.79,12/15/2016
12.2,12/16/2016
11.71,12/19/2016
11.45,12/20/2016
11.27,12/21/2016
11.43,12/22/2016
11.44,12/23/2016
11.99,12/27/2016
12.95,12/28/2016
13.37,12/29/2016
14.04,12/30/2016
12.85,01/03/2017
11.85,01/04/2017
11.67,01/05/2017
11.32,01/06/2017
11.56,01/09/2017
11.49,01/10/2017
11.26,01/11/2017
11.54,01/12/2017
11.23,01/13/2017
11.87,01/17/2017
12.48,01/18/2017
12.78,01/19/2017
11.54,01/20/2017
11.77,01/23/2017
11.07,01/24/2017
10.81,01/25/2017
10.63,01/26/2017
10.58,01/27/2017
11.88,01/30/2017
11.99,01/31/2017
11.81,02/01/2017
11.93,02/02/2017
10.97,02/03/2017
11.37,02/06/2017
11.29,02/07/2017
11.45,02/08/2017
10.88,02/09/2017
10.85,02/10/2017
11.07,02/13/2017
10.74,02/14/2017
11.97,02/15/2017
11.76,02/16/2017
11.49,02/17/2017
11.57,02/21/2017
11.74,02/22/2017
11.71,02/23/2017
11.47,02/24/2017
12.09,02/27/2017
12.92,02/28/2017
12.54,03/01/2017
11.81,03/02/2017
10.96,03/03/2017
11.24,03/06/2017
11.45,03/07/2017
11.86,03/08/2017
12.3,03/09/2017
11.66,03/10/2017
11.35,03/13/2017
12.3,03/14/2017
11.63,03/15/2017
11.21,03/16/2017
11.28,03/17/2017
11.34,03/20/2017
12.47,03/21/2017
12.81,03/22/2017
13.12,03/23/2017
12.96,03/24/2017
12.5,03/27/2017
11.53,03/28/2017
11.42,03/29/2017
11.54,03/30/2017
12.37,03/31/2017
12.38,04/03/2017
11.79,04/04/2017
12.89,04/05/2017
12.39,04/06/2017
12.87,04/07/2017
14.05,04/10/2017
15.07,04/11/2017
15.77,04/12/2017
15.96,04/13/2017
14.66,04/17/2017
14.42,04/18/2017
14.93,04/19/2017
14.15,04/20/2017
14.63,04/21/2017
10.84,04/24/2017
10.76,04/25/2017
10.85,04/26/2017
10.36,04/27/2017
10.82,04/28/2017
10.11,05/01/2017
10.59,05/02/2017
10.68,05/03/2017
10.46,05/04/2017
10.57,05/05/2017
9.77,05/08/2017
9.96,05/09/2017
10.21,05/10/2017
10.6,05/11/2017
10.4,05/12/2017
10.42,05/15/2017
10.65,05/16/2017
15.59,05/17/2017
14.66,05/18/2017
12.04,05/19/2017
10.93,05/22/2017
10.72,05/23/2017
10.02,05/24/2017
9.99,05/25/2017
9.81,05/26/2017
10.38,05/30/2017
10.41,05/31/2017
9.89,06/01/2017
9.75,06/02/2017
10.07,06/05/2017
10.45,06/06/2017
10.39,06/07/2017
10.16,06/08/2017
10.7,06/09/2017
11.46,06/12/2017
10.42,06/13/2017
10.64,06/14/2017
10.9,06/15/2017
10.38,06/16/2017
10.37,06/19/2017
10.86,06/20/2017
10.75,06/21/2017
10.48,06/22/2017
10.02,06/23/2017
9.9,06/26/2017
11.06,06/27/2017
10.03,06/28/2017
11.44,06/29/2017
11.18,06/30/2017
11.22,07/03/2017
11.07,07/05/2017
12.54,07/06/2017
11.19,07/07/2017
11.11,07/10/2017
10.89,07/11/2017
10.3,07/12/2017
9.9,07/13/2017
9.51,07/14/2017
9.82,07/17/2017
9.89,07/18/2017
9.79,07/19/2017
9.58,07/20/2017
9.36,07/21/2017
9.43,07/24/2017
9.43,07/25/2017
9.6,07/26/2017
10.11,07/27/2017
10.29,07/28/2017
10.26,07/31/2017
10.09,08/01/2017
10.28,08/02/2017
10.44,08/03/2017
10.03,08/04/2017
9.93,08/07/2017
10.96,08/08/2017
11.11,08/09/2017
16.04,08/10/2017
15.51,08/11/2017
12.33,08/14/2017
12.04,08/15/2017
11.74,08/16/2017
15.55,08/17/2017
14.26,08/18/2017
13.19,08/21/2017
11.35,08/22/2017
12.25,08/23/2017
12.23,08/24/2017
11.28,08/25/2017
11.32,08/28/2017
11.7,08/29/2017
11.22,08/30/2017
10.59,08/31/2017
10.13,09/01/2017
12.23,09/05/2017
11.63,09/06/2017
11.55,09/07/2017
12.12,09/08/2017
10.73,09/11/2017
10.58,09/12/2017
10.5,09/13/2017
10.44,09/14/2017
10.17,09/15/2017
10.15,09/18/2017
10.18,09/19/2017
9.78,09/20/2017
9.67,09/21/2017
9.59,09/22/2017
10.21,09/25/2017
10.17,09/26/2017
9.87,09/27/2017
9.55,09/28/2017
9.51,09/29/2017
9.45,10/02/2017
9.51,10/03/2017
9.63,10/04/2017
9.19,10/05/2017
9.65,10/06/2017
10.33,10/09/2017
10.08,10/10/2017
9.85,10/11/2017
9.91,10/12/2017
9.61,10/13/2017
9.91,10/16/2017
10.31,10/17/2017
10.07,10/18/2017
10.05,10/19/2017
9.97,10/20/2017
11.07,10/23/2017
11.16,10/24/2017
11.23,10/25/2017
11.3,10/26/2017
9.8,10/27/2017
10.5,10/30/2017
10.18,10/31/2017
10.2,11/01/2017
9.93,11/02/2017
9.14,11/03/2017
9.4,11/06/2017
9.89,11/07/2017
9.78,11/08/2017
10.5,11/09/2017
11.29,11/10/2017
11.5,11/13/2017
11.59,11/14/2017
13.13,11/15/2017
11.76,11/16/2017
11.43,11/17/2017
10.65,11/20/2017
9.73,11/21/2017
9.88,11/22/2017
9.67,11/24/2017
9.87,11/27/2017
10.03,11/28/2017
10.7,11/29/2017
11.28,11/30/2017
11.43,12/01/2017
11.68,12/04/2017
11.33,12/05/2017
11.02,12/06/2017
10.16,12/07/2017
9.58,12/08/2017
9.34,12/11/2017
9.92,12/12/2017
10.18,12/13/2017
10.49,12/14/2017
9.42,12/15/2017
9.53,12/18/2017
10.03,12/19/2017
9.72,12/20/2017
9.62,12/21/2017
9.9,12/22/2017
10.25,12/26/2017
10.47,12/27/2017
10.18,12/28/2017
11.04,12/29/2017
9.77,01/02/2018
9.15,01/03/2018
9.22,01/04/2018
9.22,01/05/2018
9.52,01/08/2018
10.08,01/09/2018
9.82,01/10/2018
9.88,01/11/2018
10.16,01/12/2018
11.66,01/16/2018
11.91,01/17/2018
12.22,01/18/2018
11.27,01/19/2018
11.03,01/22/2018
11.1,01/23/2018
11.47,01/24/2018
11.58,01/25/2018
11.08,01/26/2018
13.84,01/29/2018
14.79,01/30/2018
13.54,01/31/2018
13.47,02/01/2018
17.31,02/02/2018
37.32,02/05/2018
29.98,02/06/2018
27.73,02/07/2018
33.46,02/08/2018
29.06,02/09/2018
25.61,02/12/2018
24.97,02/13/2018
19.26,02/14/2018
19.13,02/15/2018
19.46,02/16/2018
20.6,02/20/2018
20.02,02/21/2018
18.72,02/22/2018
16.49,02/23/2018
15.8,02/26/2018
18.59,02/27/2018
19.85,02/28/2018
22.47,03/01/2018
19.59,03/02/2018
18.73,03/05/2018
18.36,03/06/2018
17.76,03/07/2018
16.54,03/08/2018
14.64,03/09/2018
15.78,03/12/2018
16.35,03/13/2018
17.23,03/14/2018
16.59,03/15/2018
15.8,03/16/2018
19.02,03/19/2018
18.2,03/20/2018
17.86,03/21/2018
23.34,03/22/2018
24.87,03/23/2018
21.03,03/26/2018
22.5,03/27/2018
22.87,03/28/2018
19.97,03/29/2018
23.62,04/02/2018
21.1,04/03/2018
20.06,04/04/2018
18.94,04/05/2018
21.49,04/06/2018
21.77,04/09/2018
20.47,04/10/2018
20.24,04/11/2018
18.49,04/12/2018
17.41,04/13/2018
16.56,04/16/2018
15.25,04/17/2018
15.6,04/18/2018
15.96,04/19/2018
16.88,04/20/2018
16.34,04/23/2018
18.02,04/24/2018
17.84,04/25/2018
16.24,04/26/2018
15.41,04/27/2018
15.93,04/30/2018
15.49,05/01/2018
15.97,05/02/2018
15.9,05/03/2018
14.77,05/04/2018
14.75,05/07/2018
14.71,05/08/2018
13.42,05/09/2018
13.23,05/10/2018
12.65,05/11/2018
12.93,05/14/2018
14.63,05/15/2018
13.42,05/16/2018
13.43,05/17/2018
13.42,05/18/2018
13.08,05/21/2018
13.22,05/22/2018
12.58,05/23/2018
12.53,05/24/2018
13.22,05/25/2018
17.02,05/29/2018
14.94,05/30/2018
15.43,05/31/2018
13.46,06/01/2018
12.74,06/04/2018
12.4,06/05/2018
11.64,06/06/2018
12.13,06/07/2018
12.18,06/08/2018
12.35,06/11/2018
12.34,06/12/2018
12.94,06/13/2018
12.12,06/14/2018
11.98,06/15/2018
12.31,06/18/2018
13.35,06/19/2018
12.79,06/20/2018
14.64,06/21/2018
13.77,06/22/2018
17.33,06/25/2018
15.92,06/26/2018
17.91,06/27/2018
16.85,06/28/2018
16.09,06/29/2018
15.6,07/02/2018
16.14,07/03/2018
14.97,07/05/2018
13.37,07/06/2018
12.69,07/09/2018
12.64,07/10/2018
13.63,07/11/2018
12.58,07/12/2018
12.18,07/13/2018
12.83,07/16/2018
12.06,07/17/2018
12.1,07/18/2018
12.87,07/19/2018
12.86,07/20/2018
12.62,07/23/2018
12.41,07/24/2018
12.29,07/25/2018
12.14,07/26/2018
13.03,07/27/2018
14.26,07/30/2018
12.83,07/31/2018
13.15,08/01/2018
12.19,08/02/2018
11.64,08/03/2018
11.27,08/06/2018
10.93,08/07/2018
10.85,08/08/2018
11.27,08/09/2018
13.16,08/10/2018
14.78,08/13/2018
13.31,08/14/2018
14.64,08/15/2018
13.45,08/16/2018
12.64,08/17/2018
12.49,08/20/2018
12.86,08/21/2018
12.25,08/22/2018
12.41,08/23/2018
11.99,08/24/2018
12.16,08/27/2018
12.5,08/28/2018
12.25,08/29/2018
13.53,08/30/2018
12.86,08/31/2018
13.16,09/04/2018
13.91,09/05/2018
14.65,09/06/2018
14.88,09/07/2018
14.16,09/10/2018
13.22,09/11/2018
13.14,09/12/2018
12.37,09/13/2018
12.07,09/14/2018
13.68,09/17/2018
12.79,09/18/2018
11.75,09/19/2018
11.8,09/20/2018
11.68,09/21/2018
12.2,09/24/2018
12.42,09/25/2018
12.89,09/26/2018
12.41,09/27/2018
12.12,09/28/2018
12,10/01/2018
12.05,10/02/2018
11.61,10/03/2018
14.22,10/04/2018
14.82,10/05/2018
15.69,10/08/2018
15.95,10/09/2018
22.96,10/10/2018
24.98,10/11/2018
21.31,10/12/2018
21.3,10/15/2018
17.62,10/16/2018
17.4,10/17/2018
20.06,10/18/2018
19.89,10/19/2018
19.64,10/22/2018
20.71,10/23/2018
25.23,10/24/2018
24.22,10/25/2018
24.16,10/26/2018
24.7,10/29/2018
23.35,10/30/2018
21.23,10/31/2018
19.34,11/01/2018
19.51,11/02/2018
19.96,11/05/2018
19.91,11/06/2018
16.36,11/07/2018
16.72,11/08/2018
17.36,11/09/2018
20.45,11/12/2018
20.02,11/13/2018
21.25,11/14/2018
19.98,11/15/2018
18.14,11/16/2018
20.1,11/19/2018
22.48,11/20/2018
20.8,11/21/2018
21.52,11/23/2018
18.9,11/26/2018
19.02,11/27/2018
18.49,11/28/2018
18.79,11/29/2018
18.07,11/30/2018
16.44,12/03/2018
20.74,12/04/2018
21.19,12/06/2018
23.23,12/07/2018
22.64,12/10/2018
21.76,12/11/2018
21.46,12/12/2018
20.65,12/13/2018
21.63,12/14/2018
24.52,12/17/2018
25.58,12/18/2018
25.58,12/19/2018
28.38,12/20/2018
30.11,12/21/2018
36.07,12/24/2018
30.41,12/26/2018
29.96,12/27/2018
28.34,12/28/2018
25.42,12/31/2018
23.22,01/02/2019
25.45,01/03/2019
21.38,01/04/2019
21.4,01/07/2019
20.47,01/08/2019
19.98,01/09/2019
19.5,01/10/2019
18.19,01/11/2019
19.07,01/14/2019
18.6,01/15/2019
19.04,01/16/2019
18.06,01/17/2019
17.8,01/18/2019
20.8,01/22/2019
19.52,01/23/2019
18.89,01/24/2019
17.42,01/25/2019
18.87,01/28/2019
19.13,01/29/2019
17.66,01/30/2019
17.66,01/31/2019
